source,function,line,called,resolution,targetFiles
"Form/ComponentMethodConversion.xfdl","m","1","trace","EXTERNAL_OR_API",""
"Form/ComponentMethodConversion.xfdl","m","1","getBindCellIndex","EXTERNAL_OR_API",""
"Form/ComponentMethodConversion.xfdl","m","1","getCellProperty","EXTERNAL_OR_API",""
"Form/ControlPropertyMatrix.xfdl","prop","1","trace","EXTERNAL_OR_API",""
"Form/ControlPropertyMatrix.xfdl","prop","1","set_index","EXTERNAL_OR_API",""
"Form/ControlPropertyMatrix.xfdl","prop","1","get_index","EXTERNAL_OR_API",""
"Form/DatasetBinding.xfdl","DatasetBinding_onload","2","addRow","EXTERNAL_OR_API",""
"Form/DatasetBinding.xfdl","DatasetBinding_onload","2","setColumn","EXTERNAL_OR_API",""
"Form/DatasetBinding.xfdl","DatasetBinding_onload","2","trace","EXTERNAL_OR_API",""
"Form/DatasetBinding.xfdl","DatasetBinding_onload","2","getColumn","EXTERNAL_OR_API",""
"Form/EventMatrix.xfdl","EventMatrix_onload","2","trace","EXTERNAL_OR_API",""
"Form/EventMatrix.xfdl","EventMatrix_onsize","3","trace","EXTERNAL_OR_API",""
"Form/ExternalXjsBasic.xfdl","btn_onclick","3","gfnHello","RESOLVED","Script/Common.xjs"
"Form/ExternalXjsCircularDependency.xfdl","run","3","gfnCycleA","RESOLVED","Script/CircularA.xjs"
"Form/ExternalXjsDependency.xfdl","run","3","gfnA","RESOLVED","Script/Common.xjs"
"Form/ExternalXjsDirectGlobal.xfdl","run","3","trace","EXTERNAL_OR_API",""
"Form/ExternalXjsDuplicateFunction.xfdl","run","4","gfnDuplicate","AMBIGUOUS","Script/DupA.xjs|Script/DupB.xjs"
"Form/ExternalXjsGlobalVariable.xfdl","run","3","trace","EXTERNAL_OR_API",""
"Form/ExternalXjsGlobalVariable.xfdl","run","3","gfnUser","RESOLVED","Script/Common.xjs"
"Form/ExternalXjsSameFileDuplicate.xfdl","run","3","gfnSameFile","RESOLVED","Script/SameFileDuplicate.xjs"
"Form/ExternalXjsTopLevelInit.xfdl","btn_onclick","3","gfnSideEffect","RESOLVED","Script/SideEffect.xjs"
"Form/GridAdvancedPhase3.xfdl","GridAdvancedPhase3_onload","2","trace","EXTERNAL_OR_API",""
"Form/NamespacePrefixed.xfdl","NamespacePrefixed_onload","1","trace","EXTERNAL_OR_API",""
"Form/NestedContainer.xfdl","read","1","trace","EXTERNAL_OR_API",""
"Form/ScopeShadowing.xfdl","run","3","gfnShadow","RESOLVED","Script/ScopeHelper.xjs"
"Form/ScopeShadowing.xfdl","run","3","gfnDatasetShadow","RESOLVED","Script/ScopeHelper.xjs"
"Form/ScopeShadowing.xfdl","localTest","4","trace","EXTERNAL_OR_API",""
"Form/TabAddPage.xfdl","fnAdd","2","addTabpage","EXTERNAL_OR_API",""
"Form/TabAddPage.xfdl","fnAdd","2","set_url","EXTERNAL_OR_API",""
"Form/TabAddPageOverloads.xfdl","fnOverloads","2","addTabpage","EXTERNAL_OR_API",""
"Form/TabAddPageWithArguments.xfdl","fnAdd","2","addTabpage","EXTERNAL_OR_API",""
"Form/TabAddPageWithArguments.xfdl","fnAdd","2","set_url","EXTERNAL_OR_API",""
"Form/TabAsyncAddSetUrlCallChild.xfdl","fnOpen","2","addTabpage","EXTERNAL_OR_API",""
"Form/TabAsyncAddSetUrlCallChild.xfdl","fnOpen","2","set_url","EXTERNAL_OR_API",""
"Form/TabAsyncAddSetUrlCallChild.xfdl","fnOpen","2","fnGetValue","RESOLVED","TabContent/RuntimeBridgeChild.xfdl"
"Form/TabAsyncLazyCallChild.xfdl","fnLazy","2","fnGetValue","RESOLVED","TabContent/RuntimeBridgeChild.xfdl"
"Form/TabAsyncLazyReadDataset.xfdl","fnRead","2","getRowCount","EXTERNAL_OR_API",""
"Form/TabAsyncLazySyncReturn.xfdl","fnRead","2","fnGetValue","RESOLVED","TabContent/RuntimeBridgeChild.xfdl"
"Form/TabAsyncLoadedSyncReturn.xfdl","fnRead","2","fnGetValue","RESOLVED","TabContent/RuntimeBridgeChild.xfdl"
"Form/TabAsyncRapidSelection.xfdl","fnRapidSelect","2","set_tabindex","EXTERNAL_OR_API",""
"Form/TabAsyncRapidSetUrl.xfdl","fnRapid","2","set_url","EXTERNAL_OR_API",""
"Form/TabAsyncRemoveReAdd.xfdl","fnCycle","2","addTabpage","EXTERNAL_OR_API",""
"Form/TabAsyncRemoveReAdd.xfdl","fnCycle","2","set_url","EXTERNAL_OR_API",""
"Form/TabAsyncRemoveReAdd.xfdl","fnCycle","2","removeTabpage","EXTERNAL_OR_API",""
"Form/TabAsyncStaleLoadCallback.xfdl","fnReplace","2","set_url","EXTERNAL_OR_API",""
"Form/TabChildArguments.xfdl","fnArgs","2","addTabpage","EXTERNAL_OR_API",""
"Form/TabChildArguments.xfdl","fnArgs","2","set_url","EXTERNAL_OR_API",""
"Form/TabChildCallsParent.xfdl","fnParent","2","trace","EXTERNAL_OR_API",""
"Form/TabCircularScreenDependency.xfdl","fnCycle","2","trace","EXTERNAL_OR_API",""
"Form/TabContainer.xfdl","read","1","trace","EXTERNAL_OR_API",""
"Form/TabContentIdIsolation.xfdl","readParent","1","trace","EXTERNAL_OR_API",""
"Form/TabDynamicContent.xfdl","changePage","2","set_url","EXTERNAL_OR_API",""
"Form/TabDynamicContent.xfdl","mutate","4","addTabpage","EXTERNAL_OR_API",""
"Form/TabDynamicContent.xfdl","mutate","4","removeTabpage","EXTERNAL_OR_API",""
"Form/TabDynamicIdCollision.xfdl","fnAdd","2","addTabpage","EXTERNAL_OR_API",""
"Form/TabDynamicIndexedSetUrl.xfdl","fnByIndex","2","set_url","EXTERNAL_OR_API",""
"Form/TabDynamicIndexedSetUrl.xfdl","fnByName","3","set_url","EXTERNAL_OR_API",""
"Form/TabDynamicPathXjs.xfdl","fnOpen","3","set_url","EXTERNAL_OR_API",""
"Form/TabDynamicReplaceState.xfdl","fnReplace","2","set_url","EXTERNAL_OR_API",""
"Form/TabDynamicRuntimeOnly.xfdl","fnOpen","2","set_url","EXTERNAL_OR_API",""
"Form/TabDynamicSameScreenMultiInstance.xfdl","fnAdd","2","addTabpage","EXTERNAL_OR_API",""
"Form/TabDynamicSameScreenMultiInstance.xfdl","fnAdd","2","set_url","EXTERNAL_OR_API",""
"Form/TabDynamicSelection.xfdl","fnSelect","2","set_tabindex","EXTERNAL_OR_API",""
"Form/TabDynamicServicePath.xfdl","fnOpen","2","set_url","EXTERNAL_OR_API",""
"Form/TabDynamicSetUrlConditional.xfdl","fnOpen","2","set_url","EXTERNAL_OR_API",""
"Form/TabDynamicSetUrlStatic.xfdl","fnOpen","2","set_url","EXTERNAL_OR_API",""
"Form/TabDynamicSetUrlVariable.xfdl","fnOpen","2","set_url","EXTERNAL_OR_API",""
"Form/TabEagerLifecycle.xfdl","fnRead","2","fnGetValue","RESOLVED","TabContent/RuntimeBridgeChild.xfdl"
"Form/TabExternalContent.xfdl","mainFn","1","trace","EXTERNAL_OR_API",""
"Form/TabInlineContent.xfdl","readInline","1","trace","EXTERNAL_OR_API",""
"Form/TabInsertPage.xfdl","fnInsert","2","insertTabpage","EXTERNAL_OR_API",""
"Form/TabInsertPage.xfdl","fnInsert","2","set_url","EXTERNAL_OR_API",""
"Form/TabInsertPageOverloads.xfdl","fnInsert","2","insertTabpage","EXTERNAL_OR_API",""
"Form/TabLazyLifecycle.xfdl","fnRead","2","fnGetValue","RESOLVED","TabContent/RuntimeBridgeChild.xfdl"
"Form/TabLifecycleDynamicAdd.xfdl","fnAdd","2","addTabpage","EXTERNAL_OR_API",""
"Form/TabLifecycleDynamicAdd.xfdl","fnAdd","2","set_url","EXTERNAL_OR_API",""
"Form/TabLifecycleInactiveReplace.xfdl","fnReplaceInactive","2","set_url","EXTERNAL_OR_API",""
"Form/TabLifecycleOnloadFailure.xfdl","fnCall","2","fnValue","RESOLVED","TabContent/OnloadFailureChild.xfdl"
"Form/TabLifecycleRemoveSelected.xfdl","fnRemove","2","set_tabindex","EXTERNAL_OR_API",""
"Form/TabLifecycleRemoveSelected.xfdl","fnRemove","2","removeTabpage","EXTERNAL_OR_API",""
"Form/TabLifecycleSelectedReplace.xfdl","fnReplace","2","set_tabindex","EXTERNAL_OR_API",""
"Form/TabLifecycleSelectedReplace.xfdl","fnReplace","2","set_url","EXTERNAL_OR_API",""
"Form/TabLifecycleSetUrlReplace.xfdl","fnReplace","2","set_url","EXTERNAL_OR_API",""
"Form/TabLifecycleStaticEager.xfdl","fnMarker","2","trace","EXTERNAL_OR_API",""
"Form/TabLifecycleStaticLazy.xfdl","fnMarker","2","trace","EXTERNAL_OR_API",""
"Form/TabNestedDynamic.xfdl","fnTop","2","trace","EXTERNAL_OR_API",""
"Form/TabOnloadFailureHost.xfdl","fnCall","2","fnValue","RESOLVED","TabContent/OnloadFailureChild.xfdl"
"Form/TabOpenerBridge.xfdl","fnOpener","2","fnCallback","RESOLVED","Form/TransactionSample.xfdl"
"Form/TabOpenerBridge.xfdl","fnShadow","3","fnCallback","RESOLVED","Form/TransactionSample.xfdl"
"Form/TabOpenerFunction.xfdl","fnCall","2","fnCallback","RESOLVED","Form/TransactionSample.xfdl"
"Form/TabParentAccess.xfdl","readChildFromParent","2","trace","EXTERNAL_OR_API",""
"Form/TabParentAndOpener.xfdl","fnBoth","2","fnParent","AMBIGUOUS","Form/TabChildCallsParent.xfdl|Form/TabChildReadsParentComponent.xfdl|Form/TabChildReadsParentDataset.xfdl|Form/TabParentDirect.xfdl"
"Form/TabParentAndOpener.xfdl","fnBoth","2","fnCallback","RESOLVED","Form/TransactionSample.xfdl"
"Form/TabParentCallsChild.xfdl","fnCall","2","fnSearch","RESOLVED","TabContent/RuntimeBridgeChild.xfdl"
"Form/TabParentCallsChild.xfdl","fnCall","2","trace","EXTERNAL_OR_API",""
"Form/TabParentCallsChildIndexed.xfdl","fnCallIndex","2","fnSearch","RESOLVED","TabContent/RuntimeBridgeChild.xfdl"
"Form/TabParentCallsChildIndexed.xfdl","fnCallName","3","fnSearch","RESOLVED","TabContent/RuntimeBridgeChild.xfdl"
"Form/TabParentReadsChildComponent.xfdl","fnRead","2","trace","EXTERNAL_OR_API",""
"Form/TabParentReadsChildDataset.xfdl","fnRead","2","trace","EXTERNAL_OR_API",""
"Form/TabParentReadsChildDataset.xfdl","fnRead","2","getRowCount","EXTERNAL_OR_API",""
"Form/TabParentReadsChildDataset.xfdl","fnRead","2","getColumn","EXTERNAL_OR_API",""
"Form/TabPreloadDynamicUrl.xfdl","fnChange","2","set_url","EXTERNAL_OR_API",""
"Form/TabRemovePage.xfdl","fnRemove","2","removeTabpage","EXTERNAL_OR_API",""
"Form/TabRemoveReAdd.xfdl","fnCycle","2","addTabpage","EXTERNAL_OR_API",""
"Form/TabRemoveReAdd.xfdl","fnCycle","2","set_url","EXTERNAL_OR_API",""
"Form/TabRemoveReAdd.xfdl","fnCycle","2","removeTabpage","EXTERNAL_OR_API",""
"Form/TabRuntimeEvent.xfdl","tabMain_canchange","2","trace","EXTERNAL_OR_API",""
"Form/TabRuntimeEvent.xfdl","tabMain_onchanged","3","trace","EXTERNAL_OR_API",""
"Form/TabRuntimeLexicalProtection.xfdl","fnSafe","2","trace","EXTERNAL_OR_API",""
"Form/TabRuntimeLexicalProtection.xfdl","fnSafe","2","test","EXTERNAL_OR_API",""
"Form/TabSameScreenMultiInstance.xfdl","fnRead","2","trace","EXTERNAL_OR_API",""
"Form/TabStateArgumentIsolation.xfdl","fnArgs","2","addTabpage","EXTERNAL_OR_API",""
"Form/TabStateArgumentIsolation.xfdl","fnArgs","2","set_url","EXTERNAL_OR_API",""
"Form/TabStateGenerationIsolation.xfdl","fnGen","2","set_url","EXTERNAL_OR_API",""
"Form/TabStateRemoveCleanup.xfdl","fnCycle","2","addTabpage","EXTERNAL_OR_API",""
"Form/TabStateRemoveCleanup.xfdl","fnCycle","2","set_url","EXTERNAL_OR_API",""
"Form/TabStateRemoveCleanup.xfdl","fnCycle","2","removeTabpage","EXTERNAL_OR_API",""
"Form/TabStateRetention.xfdl","fnSwitch","2","set_tabindex","EXTERNAL_OR_API",""
"Form/TabStateSwitchRetention.xfdl","fnSwitch","2","set_tabindex","EXTERNAL_OR_API",""
"Form/TabStateUrlReplacement.xfdl","fnReplace","2","set_url","EXTERNAL_OR_API",""
"Form/TabStateXjsGlobalIsolation.xfdl","fnCheck","2","fnNext","RESOLVED","TabContent/StateXjsChild.xfdl"
"Form/TabStaticDynamicMixed.xfdl","fnChange","2","set_url","EXTERNAL_OR_API",""
"Form/TabUnresolvedChildComponent.xfdl","fnBad","2","trace","EXTERNAL_OR_API",""
"Form/TabUnresolvedChildFunction.xfdl","fnBad","2","fnUnknown","EXTERNAL_OR_API",""
"Form/TransactionSample.xfdl","search","2","transaction","EXTERNAL_OR_API",""
"Form/TransactionSample.xfdl","fnCallback","3","trace","EXTERNAL_OR_API",""
"Form/UnsupportedFeatures.xfdl","x","1","gfnUnknown","EXTERNAL_OR_API",""
"Form/UnsupportedFeatures.xfdl","x","1","open","EXTERNAL_OR_API",""
"Form/UnsupportedFeatures.xfdl","x","1","setTimer","EXTERNAL_OR_API",""
"Script/CircularA.xjs","gfnCycleA","2","gfnCycleB","RESOLVED","Script/CircularB.xjs"
"Script/CircularB.xjs","gfnCycleB","2","gfnCycleA","RESOLVED","Script/CircularA.xjs"
"Script/Common.xjs","gfnHello","3","trace","EXTERNAL_OR_API",""
"Script/Common.xjs","gfnA","7","gfnB","RESOLVED","Script/Utility.xjs"
"Script/Common.xjs","gfnUnused","15","trace","EXTERNAL_OR_API",""
"Script/DupA.xjs","gfnDuplicate","1","trace","EXTERNAL_OR_API",""
"Script/DupB.xjs","gfnDuplicate","1","trace","EXTERNAL_OR_API",""
"Script/SameFileDuplicate.xjs","gfnSameFile","1","trace","EXTERNAL_OR_API",""
"Script/ScopeHelper.xjs","gfnShadow","1","trace","EXTERNAL_OR_API",""
"Script/ScopeHelper.xjs","gfnDatasetShadow","7","trace","EXTERNAL_OR_API",""
"Script/ScopeHelper.xjs","gfnDatasetShadow","7","getColumn","EXTERNAL_OR_API",""
"Script/SideEffect.xjs","gfnSideEffect","3","trace","EXTERNAL_OR_API",""
"Script/TabChildCommon.xjs","gfnChildLoaded","1","trace","EXTERNAL_OR_API",""
"Script/TabCommon.xjs","gfnTabSearch","1","trace","EXTERNAL_OR_API",""
"Script/Utility.xjs","gfnB","2","trace","EXTERNAL_OR_API",""
"TabContent/ChildBridgeParent.xfdl","fnChildCallParent","2","fnParent","AMBIGUOUS","Form/TabChildCallsParent.xfdl|Form/TabChildReadsParentComponent.xfdl|Form/TabChildReadsParentDataset.xfdl|Form/TabParentDirect.xfdl"
"TabContent/ChildBridgeParent.xfdl","fnChildReadParent","3","trace","EXTERNAL_OR_API",""
"TabContent/ChildBridgeParent.xfdl","fnChildReadParent","3","getRowCount","EXTERNAL_OR_API",""
"TabContent/CircularTabA.xfdl","fa","2","trace","EXTERNAL_OR_API",""
"TabContent/CircularTabB.xfdl","fb","2","trace","EXTERNAL_OR_API",""
"TabContent/Detail.xfdl","detailFn","1","trace","EXTERNAL_OR_API",""
"TabContent/IdIsolationChild.xfdl","readChild","1","trace","EXTERNAL_OR_API",""
"TabContent/LifecycleChild.xfdl","LifecycleChild_onload","1","trace","EXTERNAL_OR_API",""
"TabContent/NestedDynamicFirst.xfdl","openSecond","2","set_url","EXTERNAL_OR_API",""
"TabContent/OnloadFailureChild.xfdl","OnloadFailureChild_onload","2","Error","EXTERNAL_OR_API",""
"TabContent/OwnerBridgeChild.xfdl","fnOwnerCalls","3","getOwnerFrame","EXTERNAL_OR_API",""
"TabContent/OwnerBridgeChild.xfdl","fnOwnerCalls","3","fnLocalOwner","RESOLVED","TabContent/OwnerBridgeChild.xfdl"
"TabContent/OwnerBridgeChild.xfdl","fnOwnerCalls","3","getRowCount","EXTERNAL_OR_API",""
"TabContent/OwnerBridgeChild.xfdl","fnOwnerParent","4","getOwnerFrame","EXTERNAL_OR_API",""
"TabContent/OwnerBridgeChild.xfdl","fnOwnerParent","4","fnHost","AMBIGUOUS","Form/TabOwnerFrameComponent.xfdl|Form/TabOwnerFrameDataset.xfdl|Form/TabOwnerFrameFunction.xfdl|Form/TabOwnerFrameHost.xfdl|Form/TabParentShadowHost.xfdl"
"TabContent/ParentAccessChild.xfdl","childOwner","2","getOwnerFrame","EXTERNAL_OR_API",""
"TabContent/ParentAccessChild.xfdl","childOwner","2","trace","EXTERNAL_OR_API",""
"TabContent/ParentDepth2Second.xfdl","fnDepth2","1","fnFirst2","RESOLVED","TabContent/ParentDepth2First.xfdl"
"TabContent/ParentDepth2Second.xfdl","fnDepth2","1","fnRoot2","RESOLVED","Form/TabParentDepth2.xfdl"
"TabContent/ParentDepth3Third.xfdl","fnDepth3","1","fnSecond3","RESOLVED","TabContent/ParentDepth3Second.xfdl"
"TabContent/ParentDepth3Third.xfdl","fnDepth3","1","fnFirst3","RESOLVED","TabContent/ParentDepth3First.xfdl"
"TabContent/ParentDepth3Third.xfdl","fnDepth3","1","fnRoot3","RESOLVED","Form/TabParentDepth3.xfdl"
"TabContent/ParentDepthThird.xfdl","fnDepth","2","fnSecond","RESOLVED","TabContent/ParentDepthSecond.xfdl"
"TabContent/ParentDepthThird.xfdl","fnDepth","2","fnFirst","RESOLVED","TabContent/ParentDepthFirst.xfdl"
"TabContent/ParentDepthThird.xfdl","fnDepth","2","fnMain","RESOLVED","Form/TabParentDepthMain.xfdl"
"TabContent/ParentDepthThird.xfdl","fnTooDeep","3","fnMissing","EXTERNAL_OR_API",""
"TabContent/ParentDepthUnresolvedChild.xfdl","fnTooDeep","1","fnMissing","EXTERNAL_OR_API",""
"TabContent/ParentShadowChild.xfdl","fnShadow","2","fnHost","AMBIGUOUS","Form/TabOwnerFrameComponent.xfdl|Form/TabOwnerFrameDataset.xfdl|Form/TabOwnerFrameFunction.xfdl|Form/TabOwnerFrameHost.xfdl|Form/TabParentShadowHost.xfdl"
"TabContent/RuntimeBridgeChild.xfdl","RuntimeBridgeChild_onload","3","gfnChildLoaded","RESOLVED","Script/TabChildCommon.xjs"
"TabContent/Search.xfdl","Search_onload","2","trace","EXTERNAL_OR_API",""
"TabContent/SearchXjs.xfdl","btnXjs_onclick","3","gfnTabSearch","RESOLVED","Script/TabCommon.xjs"
"TabContent/StateXjsChild.xfdl","fnNext","3","gfnNextChildCounter","RESOLVED","Script/TabRuntimeState.xjs"
