source,type,status,reason
"Form/ComponentMethodConversion.xfdl","XFDL","PARTIAL","TODO/partial/unresolved/API review/transaction exists"
"Form/ControlPropertyMatrix.xfdl","XFDL","PARTIAL","TODO/partial/unresolved/API review/transaction exists"
"Form/DatasetBinding.xfdl","XFDL","PARTIAL","TODO/partial/unresolved/API review/transaction exists"
"Form/EventMatrix.xfdl","XFDL","PARTIAL","TODO/partial/unresolved/API review/transaction exists"
"Form/ExternalXjsBasic.xfdl","XFDL","SUCCESS",""
"Form/ExternalXjsCircularDependency.xfdl","XFDL","SUCCESS",""
"Form/ExternalXjsDependency.xfdl","XFDL","SUCCESS",""
"Form/ExternalXjsDirectGlobal.xfdl","XFDL","SUCCESS",""
"Form/ExternalXjsDuplicateFunction.xfdl","XFDL","PARTIAL","TODO/partial/unresolved/API review/transaction exists"
"Form/ExternalXjsGlobalVariable.xfdl","XFDL","SUCCESS",""
"Form/ExternalXjsSameFileDuplicate.xfdl","XFDL","PARTIAL","TODO/partial/unresolved/API review/transaction exists"
"Form/ExternalXjsTopLevelInit.xfdl","XFDL","PARTIAL","TODO/partial/unresolved/API review/transaction exists"
"Form/GridAdvancedPhase3.xfdl","XFDL","PARTIAL","TODO/partial/unresolved/API review/transaction exists"
"Form/Main/TabExternalRelativePath.xfdl","XFDL","PARTIAL","TODO/partial/unresolved/API review/transaction exists"
"Form/NamespacePrefixed.xfdl","XFDL","SUCCESS",""
"Form/NestedContainer.xfdl","XFDL","PARTIAL","TODO/partial/unresolved/API review/transaction exists"
"Form/ScopeShadowing.xfdl","XFDL","SUCCESS",""
"Form/TabAddPage.xfdl","XFDL","PARTIAL","TODO/partial/unresolved/API review/transaction exists"
"Form/TabAddPageOverloads.xfdl","XFDL","PARTIAL","TODO/partial/unresolved/API review/transaction exists"
"Form/TabAddPageWithArguments.xfdl","XFDL","PARTIAL","TODO/partial/unresolved/API review/transaction exists"
"Form/TabAsyncAddSetUrlCallChild.xfdl","XFDL","PARTIAL","TODO/partial/unresolved/API review/transaction exists"
"Form/TabAsyncLazyCallChild.xfdl","XFDL","PARTIAL","TODO/partial/unresolved/API review/transaction exists"
"Form/TabAsyncLazyReadComponent.xfdl","XFDL","PARTIAL","TODO/partial/unresolved/API review/transaction exists"
"Form/TabAsyncLazyReadDataset.xfdl","XFDL","PARTIAL","TODO/partial/unresolved/API review/transaction exists"
"Form/TabAsyncLazySyncReturn.xfdl","XFDL","PARTIAL","TODO/partial/unresolved/API review/transaction exists"
"Form/TabAsyncLoadedSyncReturn.xfdl","XFDL","PARTIAL","TODO/partial/unresolved/API review/transaction exists"
"Form/TabAsyncRapidSelection.xfdl","XFDL","PARTIAL","TODO/partial/unresolved/API review/transaction exists"
"Form/TabAsyncRapidSetUrl.xfdl","XFDL","PARTIAL","TODO/partial/unresolved/API review/transaction exists"
"Form/TabAsyncRemoveReAdd.xfdl","XFDL","PARTIAL","TODO/partial/unresolved/API review/transaction exists"
"Form/TabAsyncStaleLoadCallback.xfdl","XFDL","PARTIAL","TODO/partial/unresolved/API review/transaction exists"
"Form/TabChildArguments.xfdl","XFDL","PARTIAL","TODO/partial/unresolved/API review/transaction exists"
"Form/TabChildCallsParent.xfdl","XFDL","PARTIAL","TODO/partial/unresolved/API review/transaction exists"
"Form/TabChildReadsParentComponent.xfdl","XFDL","PARTIAL","TODO/partial/unresolved/API review/transaction exists"
"Form/TabChildReadsParentDataset.xfdl","XFDL","PARTIAL","TODO/partial/unresolved/API review/transaction exists"
"Form/TabCircularScreenDependency.xfdl","XFDL","PARTIAL","TODO/partial/unresolved/API review/transaction exists"
"Form/TabContainer.xfdl","XFDL","PARTIAL","TODO/partial/unresolved/API review/transaction exists"
"Form/TabContentIdIsolation.xfdl","XFDL","PARTIAL","TODO/partial/unresolved/API review/transaction exists"
"Form/TabContentLifecycle.xfdl","XFDL","PARTIAL","TODO/partial/unresolved/API review/transaction exists"
"Form/TabDuplicateContent.xfdl","XFDL","PARTIAL","TODO/partial/unresolved/API review/transaction exists"
"Form/TabDynamicContent.xfdl","XFDL","PARTIAL","TODO/partial/unresolved/API review/transaction exists"
"Form/TabDynamicIdCollision.xfdl","XFDL","PARTIAL","TODO/partial/unresolved/API review/transaction exists"
"Form/TabDynamicIndexedSetUrl.xfdl","XFDL","PARTIAL","TODO/partial/unresolved/API review/transaction exists"
"Form/TabDynamicPathXjs.xfdl","XFDL","PARTIAL","TODO/partial/unresolved/API review/transaction exists"
"Form/TabDynamicReplaceState.xfdl","XFDL","PARTIAL","TODO/partial/unresolved/API review/transaction exists"
"Form/TabDynamicRuntimeOnly.xfdl","XFDL","PARTIAL","TODO/partial/unresolved/API review/transaction exists"
"Form/TabDynamicSameScreenMultiInstance.xfdl","XFDL","PARTIAL","TODO/partial/unresolved/API review/transaction exists"
"Form/TabDynamicSelection.xfdl","XFDL","PARTIAL","TODO/partial/unresolved/API review/transaction exists"
"Form/TabDynamicServicePath.xfdl","XFDL","PARTIAL","TODO/partial/unresolved/API review/transaction exists"
"Form/TabDynamicSetUrlConditional.xfdl","XFDL","PARTIAL","TODO/partial/unresolved/API review/transaction exists"
"Form/TabDynamicSetUrlStatic.xfdl","XFDL","PARTIAL","TODO/partial/unresolved/API review/transaction exists"
"Form/TabDynamicSetUrlVariable.xfdl","XFDL","PARTIAL","TODO/partial/unresolved/API review/transaction exists"
"Form/TabEagerLifecycle.xfdl","XFDL","PARTIAL","TODO/partial/unresolved/API review/transaction exists"
"Form/TabExternalContent.xfdl","XFDL","PARTIAL","TODO/partial/unresolved/API review/transaction exists"
"Form/TabExternalNested.xfdl","XFDL","PARTIAL","TODO/partial/unresolved/API review/transaction exists"
"Form/TabExternalPreload.xfdl","XFDL","PARTIAL","TODO/partial/unresolved/API review/transaction exists"
"Form/TabExternalXjs.xfdl","XFDL","PARTIAL","TODO/partial/unresolved/API review/transaction exists"
"Form/TabInlineContent.xfdl","XFDL","PARTIAL","TODO/partial/unresolved/API review/transaction exists"
"Form/TabInsertPage.xfdl","XFDL","PARTIAL","TODO/partial/unresolved/API review/transaction exists"
"Form/TabInsertPageOverloads.xfdl","XFDL","PARTIAL","TODO/partial/unresolved/API review/transaction exists"
"Form/TabLazyLifecycle.xfdl","XFDL","PARTIAL","TODO/partial/unresolved/API review/transaction exists"
"Form/TabLifecycleDynamicAdd.xfdl","XFDL","PARTIAL","TODO/partial/unresolved/API review/transaction exists"
"Form/TabLifecycleInactiveReplace.xfdl","XFDL","PARTIAL","TODO/partial/unresolved/API review/transaction exists"
"Form/TabLifecycleOnloadFailure.xfdl","XFDL","PARTIAL","TODO/partial/unresolved/API review/transaction exists"
"Form/TabLifecycleRemoveSelected.xfdl","XFDL","PARTIAL","TODO/partial/unresolved/API review/transaction exists"
"Form/TabLifecycleSelectedReplace.xfdl","XFDL","PARTIAL","TODO/partial/unresolved/API review/transaction exists"
"Form/TabLifecycleSetUrlReplace.xfdl","XFDL","PARTIAL","TODO/partial/unresolved/API review/transaction exists"
"Form/TabLifecycleStaticEager.xfdl","XFDL","PARTIAL","TODO/partial/unresolved/API review/transaction exists"
"Form/TabLifecycleStaticLazy.xfdl","XFDL","PARTIAL","TODO/partial/unresolved/API review/transaction exists"
"Form/TabMissingContent.xfdl","XFDL","PARTIAL","TODO/partial/unresolved/API review/transaction exists"
"Form/TabMixedContent.xfdl","XFDL","PARTIAL","TODO/partial/unresolved/API review/transaction exists"
"Form/TabNestedDynamic.xfdl","XFDL","PARTIAL","TODO/partial/unresolved/API review/transaction exists"
"Form/TabOnloadFailureHost.xfdl","XFDL","PARTIAL","TODO/partial/unresolved/API review/transaction exists"
"Form/TabOpenerBridge.xfdl","XFDL","PARTIAL","TODO/partial/unresolved/API review/transaction exists"
"Form/TabOpenerFunction.xfdl","XFDL","PARTIAL","TODO/partial/unresolved/API review/transaction exists"
"Form/TabOwnerFrameComponent.xfdl","XFDL","PARTIAL","TODO/partial/unresolved/API review/transaction exists"
"Form/TabOwnerFrameDataset.xfdl","XFDL","PARTIAL","TODO/partial/unresolved/API review/transaction exists"
"Form/TabOwnerFrameFunction.xfdl","XFDL","PARTIAL","TODO/partial/unresolved/API review/transaction exists"
"Form/TabOwnerFrameHost.xfdl","XFDL","PARTIAL","TODO/partial/unresolved/API review/transaction exists"
"Form/TabParentAccess.xfdl","XFDL","PARTIAL","TODO/partial/unresolved/API review/transaction exists"
"Form/TabParentAndOpener.xfdl","XFDL","PARTIAL","TODO/partial/unresolved/API review/transaction exists"
"Form/TabParentCallsChild.xfdl","XFDL","PARTIAL","TODO/partial/unresolved/API review/transaction exists"
"Form/TabParentCallsChildIndexed.xfdl","XFDL","PARTIAL","TODO/partial/unresolved/API review/transaction exists"
"Form/TabParentDepth2.xfdl","XFDL","PARTIAL","TODO/partial/unresolved/API review/transaction exists"
"Form/TabParentDepth3.xfdl","XFDL","PARTIAL","TODO/partial/unresolved/API review/transaction exists"
"Form/TabParentDepthMain.xfdl","XFDL","PARTIAL","TODO/partial/unresolved/API review/transaction exists"
"Form/TabParentDirect.xfdl","XFDL","PARTIAL","TODO/partial/unresolved/API review/transaction exists"
"Form/TabParentReadsChildComponent.xfdl","XFDL","PARTIAL","TODO/partial/unresolved/API review/transaction exists"
"Form/TabParentReadsChildDataset.xfdl","XFDL","PARTIAL","TODO/partial/unresolved/API review/transaction exists"
"Form/TabParentShadowHost.xfdl","XFDL","PARTIAL","TODO/partial/unresolved/API review/transaction exists"
"Form/TabParentUnresolvedDepth.xfdl","XFDL","PARTIAL","TODO/partial/unresolved/API review/transaction exists"
"Form/TabPreloadDynamicUrl.xfdl","XFDL","PARTIAL","TODO/partial/unresolved/API review/transaction exists"
"Form/TabRemovePage.xfdl","XFDL","PARTIAL","TODO/partial/unresolved/API review/transaction exists"
"Form/TabRemoveReAdd.xfdl","XFDL","PARTIAL","TODO/partial/unresolved/API review/transaction exists"
"Form/TabRuntimeEvent.xfdl","XFDL","PARTIAL","TODO/partial/unresolved/API review/transaction exists"
"Form/TabRuntimeLexicalProtection.xfdl","XFDL","PARTIAL","TODO/partial/unresolved/API review/transaction exists"
"Form/TabSameScreenMultiInstance.xfdl","XFDL","PARTIAL","TODO/partial/unresolved/API review/transaction exists"
"Form/TabStateArgumentIsolation.xfdl","XFDL","PARTIAL","TODO/partial/unresolved/API review/transaction exists"
"Form/TabStateGenerationIsolation.xfdl","XFDL","PARTIAL","TODO/partial/unresolved/API review/transaction exists"
"Form/TabStateRemoveCleanup.xfdl","XFDL","PARTIAL","TODO/partial/unresolved/API review/transaction exists"
"Form/TabStateRetention.xfdl","XFDL","PARTIAL","TODO/partial/unresolved/API review/transaction exists"
"Form/TabStateSameScreenMultiInstance.xfdl","XFDL","PARTIAL","TODO/partial/unresolved/API review/transaction exists"
"Form/TabStateSwitchRetention.xfdl","XFDL","PARTIAL","TODO/partial/unresolved/API review/transaction exists"
"Form/TabStateUrlReplacement.xfdl","XFDL","PARTIAL","TODO/partial/unresolved/API review/transaction exists"
"Form/TabStateXjsGlobalIsolation.xfdl","XFDL","PARTIAL","TODO/partial/unresolved/API review/transaction exists"
"Form/TabStaticDynamicMixed.xfdl","XFDL","PARTIAL","TODO/partial/unresolved/API review/transaction exists"
"Form/TabUnresolvedChildComponent.xfdl","XFDL","PARTIAL","TODO/partial/unresolved/API review/transaction exists"
"Form/TabUnresolvedChildFunction.xfdl","XFDL","PARTIAL","TODO/partial/unresolved/API review/transaction exists"
"Form/TransactionSample.xfdl","XFDL","PARTIAL","TODO/partial/unresolved/API review/transaction exists"
"Form/UnsupportedFeatures.xfdl","XFDL","PARTIAL","TODO/partial/unresolved/API review/transaction exists"
"Script/CircularA.xjs","XJS","SUCCESS",""
"Script/CircularB.xjs","XJS","SUCCESS",""
"Script/Common.xjs","XJS","SUCCESS",""
"Script/DupA.xjs","XJS","SUCCESS",""
"Script/DupB.xjs","XJS","SUCCESS",""
"Script/SameFileDuplicate.xjs","XJS","PARTIAL","duplicate symbol or top-level executable initialization requires review"
"Script/ScopeHelper.xjs","XJS","SUCCESS",""
"Script/SideEffect.xjs","XJS","PARTIAL","duplicate symbol or top-level executable initialization requires review"
"Script/TabChildCommon.xjs","XJS","SUCCESS",""
"Script/TabCommon.xjs","XJS","SUCCESS",""
"Script/TabPathCommon.xjs","XJS","SUCCESS",""
"Script/TabRuntimeCommon.xjs","XJS","SUCCESS",""
"Script/TabRuntimeState.xjs","XJS","SUCCESS",""
"Script/Utility.xjs","XJS","SUCCESS",""
"TabContent/ChildBridgeParent.xfdl","XFDL","PARTIAL","TODO/partial/unresolved/API review/transaction exists"
"TabContent/CircularTabA.xfdl","XFDL","PARTIAL","TODO/partial/unresolved/API review/transaction exists"
"TabContent/CircularTabB.xfdl","XFDL","PARTIAL","TODO/partial/unresolved/API review/transaction exists"
"TabContent/Detail.xfdl","XFDL","SUCCESS",""
"TabContent/FirstTab.xfdl","XFDL","PARTIAL","TODO/partial/unresolved/API review/transaction exists"
"TabContent/IdIsolationChild.xfdl","XFDL","PARTIAL","TODO/partial/unresolved/API review/transaction exists"
"TabContent/LifecycleChild.xfdl","XFDL","SUCCESS",""
"TabContent/NestedDynamicFirst.xfdl","XFDL","PARTIAL","TODO/partial/unresolved/API review/transaction exists"
"TabContent/OnloadFailureChild.xfdl","XFDL","PARTIAL","TODO/partial/unresolved/API review/transaction exists"
"TabContent/OwnerBridgeChild.xfdl","XFDL","PARTIAL","TODO/partial/unresolved/API review/transaction exists"
"TabContent/ParentAccessChild.xfdl","XFDL","PARTIAL","TODO/partial/unresolved/API review/transaction exists"
"TabContent/ParentDepth2First.xfdl","XFDL","PARTIAL","TODO/partial/unresolved/API review/transaction exists"
"TabContent/ParentDepth2Second.xfdl","XFDL","PARTIAL","TODO/partial/unresolved/API review/transaction exists"
"TabContent/ParentDepth3First.xfdl","XFDL","PARTIAL","TODO/partial/unresolved/API review/transaction exists"
"TabContent/ParentDepth3Second.xfdl","XFDL","PARTIAL","TODO/partial/unresolved/API review/transaction exists"
"TabContent/ParentDepth3Third.xfdl","XFDL","PARTIAL","TODO/partial/unresolved/API review/transaction exists"
"TabContent/ParentDepthFirst.xfdl","XFDL","PARTIAL","TODO/partial/unresolved/API review/transaction exists"
"TabContent/ParentDepthSecond.xfdl","XFDL","PARTIAL","TODO/partial/unresolved/API review/transaction exists"
"TabContent/ParentDepthThird.xfdl","XFDL","PARTIAL","TODO/partial/unresolved/API review/transaction exists"
"TabContent/ParentDepthUnresolvedChild.xfdl","XFDL","PARTIAL","TODO/partial/unresolved/API review/transaction exists"
"TabContent/ParentShadowChild.xfdl","XFDL","PARTIAL","TODO/partial/unresolved/API review/transaction exists"
"TabContent/RuntimeBridgeChild.xfdl","XFDL","SUCCESS",""
"TabContent/Search.xfdl","XFDL","SUCCESS",""
"TabContent/SearchXjs.xfdl","XFDL","SUCCESS",""
"TabContent/SecondTab.xfdl","XFDL","SUCCESS",""
"TabContent/StateXjsChild.xfdl","XFDL","SUCCESS",""
