severity,source,kind,detail
"INFO","Form/ComponentMethodConversion.xfdl","CONVERSION","converted"
"INFO","Form/ControlPropertyMatrix.xfdl","CONVERSION","converted"
"INFO","Form/DatasetBinding.xfdl","CONVERSION","converted"
"INFO","Form/EventMatrix.xfdl","CONVERSION","converted"
"INFO","Form/ExternalXjsBasic.xfdl","CONVERSION","converted"
"INFO","Form/ExternalXjsCircularDependency.xfdl","CONVERSION","converted"
"INFO","Form/ExternalXjsDependency.xfdl","CONVERSION","converted"
"INFO","Form/ExternalXjsDirectGlobal.xfdl","CONVERSION","converted"
"INFO","Form/ExternalXjsDuplicateFunction.xfdl","CONVERSION","converted"
"INFO","Form/ExternalXjsGlobalVariable.xfdl","CONVERSION","converted"
"INFO","Form/ExternalXjsSameFileDuplicate.xfdl","CONVERSION","converted"
"INFO","Form/ExternalXjsTopLevelInit.xfdl","CONVERSION","converted"
"INFO","Form/GridAdvancedPhase3.xfdl","CONVERSION","converted"
"INFO","Form/Main/TabExternalRelativePath.xfdl","CONVERSION","converted"
"INFO","Form/NamespacePrefixed.xfdl","CONVERSION","converted"
"INFO","Form/NestedContainer.xfdl","CONVERSION","converted"
"INFO","Form/ScopeShadowing.xfdl","CONVERSION","converted"
"INFO","Form/TabAddPage.xfdl","CONVERSION","converted"
"INFO","Form/TabAddPageOverloads.xfdl","CONVERSION","converted"
"INFO","Form/TabAddPageWithArguments.xfdl","CONVERSION","converted"
"INFO","Form/TabAsyncAddSetUrlCallChild.xfdl","CONVERSION","converted"
"INFO","Form/TabAsyncLazyCallChild.xfdl","CONVERSION","converted"
"INFO","Form/TabAsyncLazyReadComponent.xfdl","CONVERSION","converted"
"INFO","Form/TabAsyncLazyReadDataset.xfdl","CONVERSION","converted"
"INFO","Form/TabAsyncLazySyncReturn.xfdl","CONVERSION","converted"
"INFO","Form/TabAsyncLoadedSyncReturn.xfdl","CONVERSION","converted"
"INFO","Form/TabAsyncRapidSelection.xfdl","CONVERSION","converted"
"INFO","Form/TabAsyncRapidSetUrl.xfdl","CONVERSION","converted"
"INFO","Form/TabAsyncRemoveReAdd.xfdl","CONVERSION","converted"
"INFO","Form/TabAsyncStaleLoadCallback.xfdl","CONVERSION","converted"
"INFO","Form/TabChildArguments.xfdl","CONVERSION","converted"
"INFO","Form/TabChildCallsParent.xfdl","CONVERSION","converted"
"INFO","Form/TabChildReadsParentComponent.xfdl","CONVERSION","converted"
"INFO","Form/TabChildReadsParentDataset.xfdl","CONVERSION","converted"
"INFO","Form/TabCircularScreenDependency.xfdl","CONVERSION","converted"
"INFO","Form/TabContainer.xfdl","CONVERSION","converted"
"INFO","Form/TabContentIdIsolation.xfdl","CONVERSION","converted"
"INFO","Form/TabContentLifecycle.xfdl","CONVERSION","converted"
"INFO","Form/TabDuplicateContent.xfdl","CONVERSION","converted"
"INFO","Form/TabDynamicContent.xfdl","CONVERSION","converted"
"INFO","Form/TabDynamicIdCollision.xfdl","CONVERSION","converted"
"INFO","Form/TabDynamicIndexedSetUrl.xfdl","CONVERSION","converted"
"INFO","Form/TabDynamicPathXjs.xfdl","CONVERSION","converted"
"INFO","Form/TabDynamicReplaceState.xfdl","CONVERSION","converted"
"INFO","Form/TabDynamicRuntimeOnly.xfdl","CONVERSION","converted"
"INFO","Form/TabDynamicSameScreenMultiInstance.xfdl","CONVERSION","converted"
"INFO","Form/TabDynamicSelection.xfdl","CONVERSION","converted"
"INFO","Form/TabDynamicServicePath.xfdl","CONVERSION","converted"
"INFO","Form/TabDynamicSetUrlConditional.xfdl","CONVERSION","converted"
"INFO","Form/TabDynamicSetUrlStatic.xfdl","CONVERSION","converted"
"INFO","Form/TabDynamicSetUrlVariable.xfdl","CONVERSION","converted"
"INFO","Form/TabEagerLifecycle.xfdl","CONVERSION","converted"
"INFO","Form/TabExternalContent.xfdl","CONVERSION","converted"
"INFO","Form/TabExternalNested.xfdl","CONVERSION","converted"
"INFO","Form/TabExternalPreload.xfdl","CONVERSION","converted"
"INFO","Form/TabExternalXjs.xfdl","CONVERSION","converted"
"INFO","Form/TabInlineContent.xfdl","CONVERSION","converted"
"INFO","Form/TabInsertPage.xfdl","CONVERSION","converted"
"INFO","Form/TabInsertPageOverloads.xfdl","CONVERSION","converted"
"INFO","Form/TabLazyLifecycle.xfdl","CONVERSION","converted"
"INFO","Form/TabLifecycleDynamicAdd.xfdl","CONVERSION","converted"
"INFO","Form/TabLifecycleInactiveReplace.xfdl","CONVERSION","converted"
"INFO","Form/TabLifecycleOnloadFailure.xfdl","CONVERSION","converted"
"INFO","Form/TabLifecycleRemoveSelected.xfdl","CONVERSION","converted"
"INFO","Form/TabLifecycleSelectedReplace.xfdl","CONVERSION","converted"
"INFO","Form/TabLifecycleSetUrlReplace.xfdl","CONVERSION","converted"
"INFO","Form/TabLifecycleStaticEager.xfdl","CONVERSION","converted"
"INFO","Form/TabLifecycleStaticLazy.xfdl","CONVERSION","converted"
"INFO","Form/TabMissingContent.xfdl","CONVERSION","converted"
"INFO","Form/TabMixedContent.xfdl","CONVERSION","converted"
"INFO","Form/TabNestedDynamic.xfdl","CONVERSION","converted"
"INFO","Form/TabOnloadFailureHost.xfdl","CONVERSION","converted"
"INFO","Form/TabOpenerBridge.xfdl","CONVERSION","converted"
"INFO","Form/TabOpenerFunction.xfdl","CONVERSION","converted"
"INFO","Form/TabOwnerFrameComponent.xfdl","CONVERSION","converted"
"INFO","Form/TabOwnerFrameDataset.xfdl","CONVERSION","converted"
"INFO","Form/TabOwnerFrameFunction.xfdl","CONVERSION","converted"
"INFO","Form/TabOwnerFrameHost.xfdl","CONVERSION","converted"
"INFO","Form/TabParentAccess.xfdl","CONVERSION","converted"
"INFO","Form/TabParentAndOpener.xfdl","CONVERSION","converted"
"INFO","Form/TabParentCallsChild.xfdl","CONVERSION","converted"
"INFO","Form/TabParentCallsChildIndexed.xfdl","CONVERSION","converted"
"INFO","Form/TabParentDepth2.xfdl","CONVERSION","converted"
"INFO","Form/TabParentDepth3.xfdl","CONVERSION","converted"
"INFO","Form/TabParentDepthMain.xfdl","CONVERSION","converted"
"INFO","Form/TabParentDirect.xfdl","CONVERSION","converted"
"INFO","Form/TabParentReadsChildComponent.xfdl","CONVERSION","converted"
"INFO","Form/TabParentReadsChildDataset.xfdl","CONVERSION","converted"
"INFO","Form/TabParentShadowHost.xfdl","CONVERSION","converted"
"INFO","Form/TabParentUnresolvedDepth.xfdl","CONVERSION","converted"
"INFO","Form/TabPreloadDynamicUrl.xfdl","CONVERSION","converted"
"INFO","Form/TabRemovePage.xfdl","CONVERSION","converted"
"INFO","Form/TabRemoveReAdd.xfdl","CONVERSION","converted"
"INFO","Form/TabRuntimeEvent.xfdl","CONVERSION","converted"
"INFO","Form/TabRuntimeLexicalProtection.xfdl","CONVERSION","converted"
"INFO","Form/TabSameScreenMultiInstance.xfdl","CONVERSION","converted"
"INFO","Form/TabStateArgumentIsolation.xfdl","CONVERSION","converted"
"INFO","Form/TabStateGenerationIsolation.xfdl","CONVERSION","converted"
"INFO","Form/TabStateRemoveCleanup.xfdl","CONVERSION","converted"
"INFO","Form/TabStateRetention.xfdl","CONVERSION","converted"
"INFO","Form/TabStateSameScreenMultiInstance.xfdl","CONVERSION","converted"
"INFO","Form/TabStateSwitchRetention.xfdl","CONVERSION","converted"
"INFO","Form/TabStateUrlReplacement.xfdl","CONVERSION","converted"
"INFO","Form/TabStateXjsGlobalIsolation.xfdl","CONVERSION","converted"
"INFO","Form/TabStaticDynamicMixed.xfdl","CONVERSION","converted"
"INFO","Form/TabUnresolvedChildComponent.xfdl","CONVERSION","converted"
"INFO","Form/TabUnresolvedChildFunction.xfdl","CONVERSION","converted"
"INFO","Form/TransactionSample.xfdl","CONVERSION","converted"
"INFO","Form/UnsupportedFeatures.xfdl","CONVERSION","converted"
"INFO","Script/CircularA.xjs","CONVERSION","converted"
"INFO","Script/CircularB.xjs","CONVERSION","converted"
"INFO","Script/Common.xjs","CONVERSION","converted"
"INFO","Script/DupA.xjs","CONVERSION","converted"
"INFO","Script/DupB.xjs","CONVERSION","converted"
"INFO","Script/SameFileDuplicate.xjs","CONVERSION","converted"
"INFO","Script/ScopeHelper.xjs","CONVERSION","converted"
"INFO","Script/SideEffect.xjs","CONVERSION","converted"
"INFO","Script/TabChildCommon.xjs","CONVERSION","converted"
"INFO","Script/TabCommon.xjs","CONVERSION","converted"
"INFO","Script/TabPathCommon.xjs","CONVERSION","converted"
"INFO","Script/TabRuntimeCommon.xjs","CONVERSION","converted"
"INFO","Script/TabRuntimeState.xjs","CONVERSION","converted"
"INFO","Script/Utility.xjs","CONVERSION","converted"
"INFO","TabContent/ChildBridgeParent.xfdl","CONVERSION","converted"
"INFO","TabContent/CircularTabA.xfdl","CONVERSION","converted"
"INFO","TabContent/CircularTabB.xfdl","CONVERSION","converted"
"INFO","TabContent/Detail.xfdl","CONVERSION","converted"
"INFO","TabContent/FirstTab.xfdl","CONVERSION","converted"
"INFO","TabContent/IdIsolationChild.xfdl","CONVERSION","converted"
"INFO","TabContent/LifecycleChild.xfdl","CONVERSION","converted"
"INFO","TabContent/NestedDynamicFirst.xfdl","CONVERSION","converted"
"INFO","TabContent/OnloadFailureChild.xfdl","CONVERSION","converted"
"INFO","TabContent/OwnerBridgeChild.xfdl","CONVERSION","converted"
"INFO","TabContent/ParentAccessChild.xfdl","CONVERSION","converted"
"INFO","TabContent/ParentDepth2First.xfdl","CONVERSION","converted"
"INFO","TabContent/ParentDepth2Second.xfdl","CONVERSION","converted"
"INFO","TabContent/ParentDepth3First.xfdl","CONVERSION","converted"
"INFO","TabContent/ParentDepth3Second.xfdl","CONVERSION","converted"
"INFO","TabContent/ParentDepth3Third.xfdl","CONVERSION","converted"
"INFO","TabContent/ParentDepthFirst.xfdl","CONVERSION","converted"
"INFO","TabContent/ParentDepthSecond.xfdl","CONVERSION","converted"
"INFO","TabContent/ParentDepthThird.xfdl","CONVERSION","converted"
"INFO","TabContent/ParentDepthUnresolvedChild.xfdl","CONVERSION","converted"
"INFO","TabContent/ParentShadowChild.xfdl","CONVERSION","converted"
"INFO","TabContent/RuntimeBridgeChild.xfdl","CONVERSION","converted"
"INFO","TabContent/Search.xfdl","CONVERSION","converted"
"INFO","TabContent/SearchXjs.xfdl","CONVERSION","converted"
"INFO","TabContent/SecondTab.xfdl","CONVERSION","converted"
"INFO","TabContent/StateXjsChild.xfdl","CONVERSION","converted"
"WARNING","Form/ExternalXjsDuplicateFunction.xfdl","AMBIGUOUS_XJS_SYMBOL","FUNCTION gfnDuplicate -> Script/DupA.xjs:1|Script/DupB.xjs:1"
"WARNING","Form/ExternalXjsSameFileDuplicate.xfdl","AMBIGUOUS_XJS_SYMBOL","FUNCTION gfnSameFile -> Script/SameFileDuplicate.xjs:1|Script/SameFileDuplicate.xjs:2"
"TODO","Form/ExternalXjsTopLevelInit.xfdl","XJS_INCLUDE","TOP_LEVEL_XJS_INIT: Script/SideEffect.xjs -> [line 1: trace(""side effect at include time"");]"
"WARNING","Form/UnsupportedFeatures.xfdl","UNRESOLVED_FUNCTION","gfnUnknown"
"WARNING","TabContent/OnloadFailureChild.xfdl","UNRESOLVED_FUNCTION","Error"
"TODO","Form/ComponentMethodConversion.xfdl","FEATURE","PARTIAL COMPONENT Combo: itemset binding supported in Phase 3"
"TODO","Form/ComponentMethodConversion.xfdl","FEATURE","PARTIAL COMPONENT Grid: Formats/head/body/bind and selected input types"
"TODO","Form/ComponentMethodConversion.xfdl","API","COMPONENT index -> getSelectedIndex/setSelectedIndex : select/radio only"
"TODO","Form/ComponentMethodConversion.xfdl","API","COMPONENT getCellProperty -> TODO : GridView property API is not 1:1"
"TODO","Form/ComponentMethodConversion.xfdl","API","COMPONENT getBindCellIndex -> getColumnIndex : body bind column only"
"TODO","Form/ControlPropertyMatrix.xfdl","FEATURE","PARTIAL COMPONENT MaskEdit: mask semantics require property/script review"
"TODO","Form/ControlPropertyMatrix.xfdl","FEATURE","PARTIAL COMPONENT Combo: itemset binding supported in Phase 3"
"TODO","Form/ControlPropertyMatrix.xfdl","FEATURE","PARTIAL COMPONENT ListBox: visual list behavior may differ"
"TODO","Form/ControlPropertyMatrix.xfdl","FEATURE","PARTIAL COMPONENT Radio: itemset binding supported in Phase 3"
"TODO","Form/ControlPropertyMatrix.xfdl","FEATURE","PARTIAL COMPONENT CheckBox: single-value checkbox baseline"
"TODO","Form/ControlPropertyMatrix.xfdl","FEATURE","PARTIAL COMPONENT Calendar: date/edit format partially mapped; uiplugin.inputCalendar (edit box + picker), not bare uiplugin.calendar (picker-only) -- see V6_COMPONENT_MAPPING_MISMATCH fix"
"TODO","Form/ControlPropertyMatrix.xfdl","FEATURE","PARTIAL COMPONENT Spin: basic geometry/value only"
"TODO","Form/ControlPropertyMatrix.xfdl","FEATURE","PARTIAL COMPONENT ImageViewer: basic image source/property mapping only"
"TODO","Form/ControlPropertyMatrix.xfdl","FEATURE","PROPERTY ImageViewer.image: XPlatform URL/service alias must be resolved before WebSquare src mapping"
"TODO","Form/ControlPropertyMatrix.xfdl","FEATURE","PARTIAL COMPONENT ProgressBar: basic value/property mapping only"
"TODO","Form/ControlPropertyMatrix.xfdl","FEATURE","PARTIAL COMPONENT PopupDiv: popup runtime behavior requires manual migration"
"TODO","Form/ControlPropertyMatrix.xfdl","FEATURE","PARTIAL COMPONENT WebBrowser: URL/navigation semantics require review"
"TODO","Form/ControlPropertyMatrix.xfdl","FEATURE","PROPERTY WebBrowser.url: component-specific URL semantics; Tabpage static XFDL URL is handled by TabContentResolver"
"TODO","Form/ControlPropertyMatrix.xfdl","FEATURE","PARTIAL COMPONENT FileUpload: server protocol/manual migration required"
"TODO","Form/ControlPropertyMatrix.xfdl","FEATURE","COMPONENT FileDownload: no safe static UI mapping selected"
"TODO","Form/ControlPropertyMatrix.xfdl","API","COMPONENT index -> getSelectedIndex/setSelectedIndex : select/radio only"
"TODO","Form/DatasetBinding.xfdl","FEATURE","PARTIAL COMPONENT Combo: itemset binding supported in Phase 3"
"TODO","Form/DatasetBinding.xfdl","FEATURE","PARTIAL COMPONENT Radio: itemset binding supported in Phase 3"
"TODO","Form/EventMatrix.xfdl","FEATURE","PARTIAL COMPONENT Combo: itemset binding supported in Phase 3"
"TODO","Form/EventMatrix.xfdl","FEATURE","PARTIAL EVENT onsize: resize payload differs"
"TODO","Form/EventMatrix.xfdl","FEATURE","PARTIAL EVENT onmouseenter: mouseenter vs mouseover bubbling semantics differ"
"TODO","Form/EventMatrix.xfdl","FEATURE","PARTIAL EVENT onmouseleave: mouseleave vs mouseout bubbling semantics differ"
"TODO","Form/EventMatrix.xfdl","FEATURE","PARTIAL EVENT oncloseup: component-specific support"
"TODO","Form/EventMatrix.xfdl","FEATURE","PARTIAL EVENT ondropdown: component-specific support"
"TODO","Form/EventMatrix.xfdl","FEATURE","PARTIAL EVENT onitemchanged: item payload differs by component"
"TODO","Form/GridAdvancedPhase3.xfdl","FEATURE","PARTIAL COMPONENT Grid: Formats/head/body/bind and selected input types"
"TODO","Form/Main/TabExternalRelativePath.xfdl","FEATURE","PARTIAL COMPONENT Tab: inline Tabpage and static external XFDL url are converted; dynamic/mixed runtime behavior requires review"
"TODO","Form/Main/TabExternalRelativePath.xfdl","FEATURE","PARTIAL COMPONENT Tabpage: inline tree preserved; external XFDL remains an independent WFrame content page"
"TODO","Form/NestedContainer.xfdl","FEATURE","PARTIAL COMPONENT GroupBox: group semantics/title require review"
"TODO","Form/TabAddPage.xfdl","FEATURE","PARTIAL COMPONENT Tab: inline Tabpage and static external XFDL url are converted; dynamic/mixed runtime behavior requires review"
"TODO","Form/TabAddPage.xfdl","FEATURE","PARTIAL COMPONENT Tabpage: inline tree preserved; external XFDL remains an independent WFrame content page"
"TODO","Form/TabAddPage.xfdl","API","COMPONENT addTabpage -> scwin.__xpTabRuntime.addPage : common id/label/data pattern mapped to async addTab; uncommon overloads require review"
"TODO","Form/TabAddPageOverloads.xfdl","FEATURE","PARTIAL COMPONENT Tab: inline Tabpage and static external XFDL url are converted; dynamic/mixed runtime behavior requires review"
"TODO","Form/TabAddPageOverloads.xfdl","FEATURE","PARTIAL COMPONENT Tabpage: inline tree preserved; external XFDL remains an independent WFrame content page"
"TODO","Form/TabAddPageOverloads.xfdl","API","COMPONENT addTabpage -> scwin.__xpTabRuntime.addPage : common id/label/data pattern mapped to async addTab; uncommon overloads require review"
"TODO","Form/TabAddPageWithArguments.xfdl","FEATURE","PARTIAL COMPONENT Tab: inline Tabpage and static external XFDL url are converted; dynamic/mixed runtime behavior requires review"
"TODO","Form/TabAddPageWithArguments.xfdl","FEATURE","PARTIAL COMPONENT Tabpage: inline tree preserved; external XFDL remains an independent WFrame content page"
"TODO","Form/TabAddPageWithArguments.xfdl","API","COMPONENT addTabpage -> scwin.__xpTabRuntime.addPage : common id/label/data pattern mapped to async addTab; uncommon overloads require review"
"TODO","Form/TabAsyncAddSetUrlCallChild.xfdl","FEATURE","PARTIAL COMPONENT Tab: inline Tabpage and static external XFDL url are converted; dynamic/mixed runtime behavior requires review"
"TODO","Form/TabAsyncAddSetUrlCallChild.xfdl","FEATURE","PARTIAL COMPONENT Tabpage: inline tree preserved; external XFDL remains an independent WFrame content page"
"TODO","Form/TabAsyncAddSetUrlCallChild.xfdl","API","COMPONENT addTabpage -> scwin.__xpTabRuntime.addPage : common id/label/data pattern mapped to async addTab; uncommon overloads require review"
"TODO","Form/TabAsyncLazyCallChild.xfdl","FEATURE","PARTIAL COMPONENT Tab: inline Tabpage and static external XFDL url are converted; dynamic/mixed runtime behavior requires review"
"TODO","Form/TabAsyncLazyCallChild.xfdl","FEATURE","PARTIAL COMPONENT Tabpage: inline tree preserved; external XFDL remains an independent WFrame content page"
"TODO","Form/TabAsyncLazyReadComponent.xfdl","FEATURE","PARTIAL COMPONENT Tab: inline Tabpage and static external XFDL url are converted; dynamic/mixed runtime behavior requires review"
"TODO","Form/TabAsyncLazyReadComponent.xfdl","FEATURE","PARTIAL COMPONENT Tabpage: inline tree preserved; external XFDL remains an independent WFrame content page"
"TODO","Form/TabAsyncLazyReadDataset.xfdl","FEATURE","PARTIAL COMPONENT Tab: inline Tabpage and static external XFDL url are converted; dynamic/mixed runtime behavior requires review"
"TODO","Form/TabAsyncLazyReadDataset.xfdl","FEATURE","PARTIAL COMPONENT Tabpage: inline tree preserved; external XFDL remains an independent WFrame content page"
"TODO","Form/TabAsyncLazySyncReturn.xfdl","FEATURE","PARTIAL COMPONENT Tab: inline Tabpage and static external XFDL url are converted; dynamic/mixed runtime behavior requires review"
"TODO","Form/TabAsyncLazySyncReturn.xfdl","FEATURE","PARTIAL COMPONENT Tabpage: inline tree preserved; external XFDL remains an independent WFrame content page"
"TODO","Form/TabAsyncLoadedSyncReturn.xfdl","FEATURE","PARTIAL COMPONENT Tab: inline Tabpage and static external XFDL url are converted; dynamic/mixed runtime behavior requires review"
"TODO","Form/TabAsyncLoadedSyncReturn.xfdl","FEATURE","PARTIAL COMPONENT Tabpage: inline tree preserved; external XFDL remains an independent WFrame content page"
"TODO","Form/TabAsyncRapidSelection.xfdl","FEATURE","PARTIAL COMPONENT Tab: inline Tabpage and static external XFDL url are converted; dynamic/mixed runtime behavior requires review"
"TODO","Form/TabAsyncRapidSelection.xfdl","FEATURE","PARTIAL COMPONENT Tabpage: inline tree preserved; external XFDL remains an independent WFrame content page"
"TODO","Form/TabAsyncRapidSetUrl.xfdl","FEATURE","PARTIAL COMPONENT Tab: inline Tabpage and static external XFDL url are converted; dynamic/mixed runtime behavior requires review"
"TODO","Form/TabAsyncRapidSetUrl.xfdl","FEATURE","PARTIAL COMPONENT Tabpage: inline tree preserved; external XFDL remains an independent WFrame content page"
"TODO","Form/TabAsyncRemoveReAdd.xfdl","FEATURE","PARTIAL COMPONENT Tab: inline Tabpage and static external XFDL url are converted; dynamic/mixed runtime behavior requires review"
"TODO","Form/TabAsyncRemoveReAdd.xfdl","FEATURE","PARTIAL COMPONENT Tabpage: inline tree preserved; external XFDL remains an independent WFrame content page"
"TODO","Form/TabAsyncRemoveReAdd.xfdl","API","COMPONENT addTabpage -> scwin.__xpTabRuntime.addPage : common id/label/data pattern mapped to async addTab; uncommon overloads require review"
"TODO","Form/TabAsyncStaleLoadCallback.xfdl","FEATURE","PARTIAL COMPONENT Tab: inline Tabpage and static external XFDL url are converted; dynamic/mixed runtime behavior requires review"
"TODO","Form/TabAsyncStaleLoadCallback.xfdl","FEATURE","PARTIAL COMPONENT Tabpage: inline tree preserved; external XFDL remains an independent WFrame content page"
"TODO","Form/TabChildArguments.xfdl","FEATURE","PARTIAL COMPONENT Tab: inline Tabpage and static external XFDL url are converted; dynamic/mixed runtime behavior requires review"
"TODO","Form/TabChildArguments.xfdl","FEATURE","PARTIAL COMPONENT Tabpage: inline tree preserved; external XFDL remains an independent WFrame content page"
"TODO","Form/TabChildArguments.xfdl","API","COMPONENT addTabpage -> scwin.__xpTabRuntime.addPage : common id/label/data pattern mapped to async addTab; uncommon overloads require review"
"TODO","Form/TabChildCallsParent.xfdl","FEATURE","PARTIAL COMPONENT Tab: inline Tabpage and static external XFDL url are converted; dynamic/mixed runtime behavior requires review"
"TODO","Form/TabChildCallsParent.xfdl","FEATURE","PARTIAL COMPONENT Tabpage: inline tree preserved; external XFDL remains an independent WFrame content page"
"TODO","Form/TabChildReadsParentComponent.xfdl","FEATURE","PARTIAL COMPONENT Tab: inline Tabpage and static external XFDL url are converted; dynamic/mixed runtime behavior requires review"
"TODO","Form/TabChildReadsParentComponent.xfdl","FEATURE","PARTIAL COMPONENT Tabpage: inline tree preserved; external XFDL remains an independent WFrame content page"
"TODO","Form/TabChildReadsParentDataset.xfdl","FEATURE","PARTIAL COMPONENT Tab: inline Tabpage and static external XFDL url are converted; dynamic/mixed runtime behavior requires review"
"TODO","Form/TabChildReadsParentDataset.xfdl","FEATURE","PARTIAL COMPONENT Tabpage: inline tree preserved; external XFDL remains an independent WFrame content page"
"TODO","Form/TabCircularScreenDependency.xfdl","FEATURE","PARTIAL COMPONENT Tab: inline Tabpage and static external XFDL url are converted; dynamic/mixed runtime behavior requires review"
"TODO","Form/TabCircularScreenDependency.xfdl","FEATURE","PARTIAL COMPONENT Tabpage: inline tree preserved; external XFDL remains an independent WFrame content page"
"TODO","Form/TabContainer.xfdl","FEATURE","PARTIAL COMPONENT Tab: inline Tabpage and static external XFDL url are converted; dynamic/mixed runtime behavior requires review"
"TODO","Form/TabContainer.xfdl","FEATURE","PARTIAL COMPONENT Tabpage: inline tree preserved; external XFDL remains an independent WFrame content page"
"TODO","Form/TabContentIdIsolation.xfdl","FEATURE","PARTIAL COMPONENT Tab: inline Tabpage and static external XFDL url are converted; dynamic/mixed runtime behavior requires review"
"TODO","Form/TabContentIdIsolation.xfdl","FEATURE","PARTIAL COMPONENT Tabpage: inline tree preserved; external XFDL remains an independent WFrame content page"
"TODO","Form/TabContentIdIsolation.xfdl","API","COMPONENT text -> getValue/setValue : label/text semantics component-specific"
"TODO","Form/TabContentLifecycle.xfdl","FEATURE","PARTIAL COMPONENT Tab: inline Tabpage and static external XFDL url are converted; dynamic/mixed runtime behavior requires review"
"TODO","Form/TabContentLifecycle.xfdl","FEATURE","PARTIAL COMPONENT Tabpage: inline tree preserved; external XFDL remains an independent WFrame content page"
"TODO","Form/TabDuplicateContent.xfdl","FEATURE","PARTIAL COMPONENT Tab: inline Tabpage and static external XFDL url are converted; dynamic/mixed runtime behavior requires review"
"TODO","Form/TabDuplicateContent.xfdl","FEATURE","PARTIAL COMPONENT Tabpage: inline tree preserved; external XFDL remains an independent WFrame content page"
"TODO","Form/TabDynamicContent.xfdl","FEATURE","PARTIAL COMPONENT Tab: inline Tabpage and static external XFDL url are converted; dynamic/mixed runtime behavior requires review"
"TODO","Form/TabDynamicContent.xfdl","FEATURE","PARTIAL COMPONENT Tabpage: inline tree preserved; external XFDL remains an independent WFrame content page"
"TODO","Form/TabDynamicContent.xfdl","API","COMPONENT addTabpage -> scwin.__xpTabRuntime.addPage : common id/label/data pattern mapped to async addTab; uncommon overloads require review"
"TODO","Form/TabDynamicIdCollision.xfdl","FEATURE","PARTIAL COMPONENT Tab: inline Tabpage and static external XFDL url are converted; dynamic/mixed runtime behavior requires review"
"TODO","Form/TabDynamicIdCollision.xfdl","FEATURE","PARTIAL COMPONENT Tabpage: inline tree preserved; external XFDL remains an independent WFrame content page"
"TODO","Form/TabDynamicIdCollision.xfdl","API","COMPONENT addTabpage -> scwin.__xpTabRuntime.addPage : common id/label/data pattern mapped to async addTab; uncommon overloads require review"
"TODO","Form/TabDynamicIndexedSetUrl.xfdl","FEATURE","PARTIAL COMPONENT Tab: inline Tabpage and static external XFDL url are converted; dynamic/mixed runtime behavior requires review"
"TODO","Form/TabDynamicIndexedSetUrl.xfdl","FEATURE","PARTIAL COMPONENT Tabpage: inline tree preserved; external XFDL remains an independent WFrame content page"
"TODO","Form/TabDynamicPathXjs.xfdl","FEATURE","PARTIAL COMPONENT Tab: inline Tabpage and static external XFDL url are converted; dynamic/mixed runtime behavior requires review"
"TODO","Form/TabDynamicPathXjs.xfdl","FEATURE","PARTIAL COMPONENT Tabpage: inline tree preserved; external XFDL remains an independent WFrame content page"
"TODO","Form/TabDynamicReplaceState.xfdl","FEATURE","PARTIAL COMPONENT Tab: inline Tabpage and static external XFDL url are converted; dynamic/mixed runtime behavior requires review"
"TODO","Form/TabDynamicReplaceState.xfdl","FEATURE","PARTIAL COMPONENT Tabpage: inline tree preserved; external XFDL remains an independent WFrame content page"
"TODO","Form/TabDynamicRuntimeOnly.xfdl","FEATURE","PARTIAL COMPONENT Tab: inline Tabpage and static external XFDL url are converted; dynamic/mixed runtime behavior requires review"
"TODO","Form/TabDynamicRuntimeOnly.xfdl","FEATURE","PARTIAL COMPONENT Tabpage: inline tree preserved; external XFDL remains an independent WFrame content page"
"TODO","Form/TabDynamicSameScreenMultiInstance.xfdl","FEATURE","PARTIAL COMPONENT Tab: inline Tabpage and static external XFDL url are converted; dynamic/mixed runtime behavior requires review"
"TODO","Form/TabDynamicSameScreenMultiInstance.xfdl","FEATURE","PARTIAL COMPONENT Tabpage: inline tree preserved; external XFDL remains an independent WFrame content page"
"TODO","Form/TabDynamicSameScreenMultiInstance.xfdl","API","COMPONENT addTabpage -> scwin.__xpTabRuntime.addPage : common id/label/data pattern mapped to async addTab; uncommon overloads require review"
"TODO","Form/TabDynamicSelection.xfdl","FEATURE","PARTIAL COMPONENT Tab: inline Tabpage and static external XFDL url are converted; dynamic/mixed runtime behavior requires review"
"TODO","Form/TabDynamicSelection.xfdl","FEATURE","PARTIAL COMPONENT Tabpage: inline tree preserved; external XFDL remains an independent WFrame content page"
"TODO","Form/TabDynamicServicePath.xfdl","FEATURE","PARTIAL COMPONENT Tab: inline Tabpage and static external XFDL url are converted; dynamic/mixed runtime behavior requires review"
"TODO","Form/TabDynamicServicePath.xfdl","FEATURE","PARTIAL COMPONENT Tabpage: inline tree preserved; external XFDL remains an independent WFrame content page"
"TODO","Form/TabDynamicSetUrlConditional.xfdl","FEATURE","PARTIAL COMPONENT Tab: inline Tabpage and static external XFDL url are converted; dynamic/mixed runtime behavior requires review"
"TODO","Form/TabDynamicSetUrlConditional.xfdl","FEATURE","PARTIAL COMPONENT Tabpage: inline tree preserved; external XFDL remains an independent WFrame content page"
"TODO","Form/TabDynamicSetUrlStatic.xfdl","FEATURE","PARTIAL COMPONENT Tab: inline Tabpage and static external XFDL url are converted; dynamic/mixed runtime behavior requires review"
"TODO","Form/TabDynamicSetUrlStatic.xfdl","FEATURE","PARTIAL COMPONENT Tabpage: inline tree preserved; external XFDL remains an independent WFrame content page"
"TODO","Form/TabDynamicSetUrlVariable.xfdl","FEATURE","PARTIAL COMPONENT Tab: inline Tabpage and static external XFDL url are converted; dynamic/mixed runtime behavior requires review"
"TODO","Form/TabDynamicSetUrlVariable.xfdl","FEATURE","PARTIAL COMPONENT Tabpage: inline tree preserved; external XFDL remains an independent WFrame content page"
"TODO","Form/TabEagerLifecycle.xfdl","FEATURE","PARTIAL COMPONENT Tab: inline Tabpage and static external XFDL url are converted; dynamic/mixed runtime behavior requires review"
"TODO","Form/TabEagerLifecycle.xfdl","FEATURE","PARTIAL COMPONENT Tabpage: inline tree preserved; external XFDL remains an independent WFrame content page"
"TODO","Form/TabExternalContent.xfdl","FEATURE","PARTIAL COMPONENT Tab: inline Tabpage and static external XFDL url are converted; dynamic/mixed runtime behavior requires review"
"TODO","Form/TabExternalContent.xfdl","FEATURE","PARTIAL COMPONENT Tabpage: inline tree preserved; external XFDL remains an independent WFrame content page"
"TODO","Form/TabExternalNested.xfdl","FEATURE","PARTIAL COMPONENT Tab: inline Tabpage and static external XFDL url are converted; dynamic/mixed runtime behavior requires review"
"TODO","Form/TabExternalNested.xfdl","FEATURE","PARTIAL COMPONENT Tabpage: inline tree preserved; external XFDL remains an independent WFrame content page"
"TODO","Form/TabExternalPreload.xfdl","FEATURE","PARTIAL COMPONENT Tab: inline Tabpage and static external XFDL url are converted; dynamic/mixed runtime behavior requires review"
"TODO","Form/TabExternalPreload.xfdl","FEATURE","PARTIAL COMPONENT Tabpage: inline tree preserved; external XFDL remains an independent WFrame content page"
"TODO","Form/TabExternalXjs.xfdl","FEATURE","PARTIAL COMPONENT Tab: inline Tabpage and static external XFDL url are converted; dynamic/mixed runtime behavior requires review"
"TODO","Form/TabExternalXjs.xfdl","FEATURE","PARTIAL COMPONENT Tabpage: inline tree preserved; external XFDL remains an independent WFrame content page"
"TODO","Form/TabInlineContent.xfdl","FEATURE","PARTIAL COMPONENT Tab: inline Tabpage and static external XFDL url are converted; dynamic/mixed runtime behavior requires review"
"TODO","Form/TabInlineContent.xfdl","FEATURE","PARTIAL COMPONENT Tabpage: inline tree preserved; external XFDL remains an independent WFrame content page"
"TODO","Form/TabInlineContent.xfdl","API","COMPONENT text -> getValue/setValue : label/text semantics component-specific"
"TODO","Form/TabInsertPage.xfdl","FEATURE","PARTIAL COMPONENT Tab: inline Tabpage and static external XFDL url are converted; dynamic/mixed runtime behavior requires review"
"TODO","Form/TabInsertPage.xfdl","FEATURE","PARTIAL COMPONENT Tabpage: inline tree preserved; external XFDL remains an independent WFrame content page"
"TODO","Form/TabInsertPage.xfdl","API","COMPONENT insertTabpage -> scwin.__xpTabRuntime.insertPage : mapped with addTabIndex; uncommon overloads require review"
"TODO","Form/TabInsertPageOverloads.xfdl","FEATURE","PARTIAL COMPONENT Tab: inline Tabpage and static external XFDL url are converted; dynamic/mixed runtime behavior requires review"
"TODO","Form/TabInsertPageOverloads.xfdl","FEATURE","PARTIAL COMPONENT Tabpage: inline tree preserved; external XFDL remains an independent WFrame content page"
"TODO","Form/TabInsertPageOverloads.xfdl","API","COMPONENT insertTabpage -> scwin.__xpTabRuntime.insertPage : mapped with addTabIndex; uncommon overloads require review"
"TODO","Form/TabLazyLifecycle.xfdl","FEATURE","PARTIAL COMPONENT Tab: inline Tabpage and static external XFDL url are converted; dynamic/mixed runtime behavior requires review"
"TODO","Form/TabLazyLifecycle.xfdl","FEATURE","PARTIAL COMPONENT Tabpage: inline tree preserved; external XFDL remains an independent WFrame content page"
"TODO","Form/TabLifecycleDynamicAdd.xfdl","FEATURE","PARTIAL COMPONENT Tab: inline Tabpage and static external XFDL url are converted; dynamic/mixed runtime behavior requires review"
"TODO","Form/TabLifecycleDynamicAdd.xfdl","FEATURE","PARTIAL COMPONENT Tabpage: inline tree preserved; external XFDL remains an independent WFrame content page"
"TODO","Form/TabLifecycleDynamicAdd.xfdl","API","COMPONENT addTabpage -> scwin.__xpTabRuntime.addPage : common id/label/data pattern mapped to async addTab; uncommon overloads require review"
"TODO","Form/TabLifecycleInactiveReplace.xfdl","FEATURE","PARTIAL COMPONENT Tab: inline Tabpage and static external XFDL url are converted; dynamic/mixed runtime behavior requires review"
"TODO","Form/TabLifecycleInactiveReplace.xfdl","FEATURE","PARTIAL COMPONENT Tabpage: inline tree preserved; external XFDL remains an independent WFrame content page"
"TODO","Form/TabLifecycleOnloadFailure.xfdl","FEATURE","PARTIAL COMPONENT Tab: inline Tabpage and static external XFDL url are converted; dynamic/mixed runtime behavior requires review"
"TODO","Form/TabLifecycleOnloadFailure.xfdl","FEATURE","PARTIAL COMPONENT Tabpage: inline tree preserved; external XFDL remains an independent WFrame content page"
"TODO","Form/TabLifecycleRemoveSelected.xfdl","FEATURE","PARTIAL COMPONENT Tab: inline Tabpage and static external XFDL url are converted; dynamic/mixed runtime behavior requires review"
"TODO","Form/TabLifecycleRemoveSelected.xfdl","FEATURE","PARTIAL COMPONENT Tabpage: inline tree preserved; external XFDL remains an independent WFrame content page"
"TODO","Form/TabLifecycleSelectedReplace.xfdl","FEATURE","PARTIAL COMPONENT Tab: inline Tabpage and static external XFDL url are converted; dynamic/mixed runtime behavior requires review"
"TODO","Form/TabLifecycleSelectedReplace.xfdl","FEATURE","PARTIAL COMPONENT Tabpage: inline tree preserved; external XFDL remains an independent WFrame content page"
"TODO","Form/TabLifecycleSetUrlReplace.xfdl","FEATURE","PARTIAL COMPONENT Tab: inline Tabpage and static external XFDL url are converted; dynamic/mixed runtime behavior requires review"
"TODO","Form/TabLifecycleSetUrlReplace.xfdl","FEATURE","PARTIAL COMPONENT Tabpage: inline tree preserved; external XFDL remains an independent WFrame content page"
"TODO","Form/TabLifecycleStaticEager.xfdl","FEATURE","PARTIAL COMPONENT Tab: inline Tabpage and static external XFDL url are converted; dynamic/mixed runtime behavior requires review"
"TODO","Form/TabLifecycleStaticEager.xfdl","FEATURE","PARTIAL COMPONENT Tabpage: inline tree preserved; external XFDL remains an independent WFrame content page"
"TODO","Form/TabLifecycleStaticLazy.xfdl","FEATURE","PARTIAL COMPONENT Tab: inline Tabpage and static external XFDL url are converted; dynamic/mixed runtime behavior requires review"
"TODO","Form/TabLifecycleStaticLazy.xfdl","FEATURE","PARTIAL COMPONENT Tabpage: inline tree preserved; external XFDL remains an independent WFrame content page"
"TODO","Form/TabMissingContent.xfdl","FEATURE","PARTIAL COMPONENT Tab: inline Tabpage and static external XFDL url are converted; dynamic/mixed runtime behavior requires review"
"TODO","Form/TabMissingContent.xfdl","FEATURE","PARTIAL COMPONENT Tabpage: inline tree preserved; external XFDL remains an independent WFrame content page"
"TODO","Form/TabMixedContent.xfdl","FEATURE","PARTIAL COMPONENT Tab: inline Tabpage and static external XFDL url are converted; dynamic/mixed runtime behavior requires review"
"TODO","Form/TabMixedContent.xfdl","FEATURE","PARTIAL COMPONENT Tabpage: inline tree preserved; external XFDL remains an independent WFrame content page"
"TODO","Form/TabNestedDynamic.xfdl","FEATURE","PARTIAL COMPONENT Tab: inline Tabpage and static external XFDL url are converted; dynamic/mixed runtime behavior requires review"
"TODO","Form/TabNestedDynamic.xfdl","FEATURE","PARTIAL COMPONENT Tabpage: inline tree preserved; external XFDL remains an independent WFrame content page"
"TODO","Form/TabOnloadFailureHost.xfdl","FEATURE","PARTIAL COMPONENT Tab: inline Tabpage and static external XFDL url are converted; dynamic/mixed runtime behavior requires review"
"TODO","Form/TabOnloadFailureHost.xfdl","FEATURE","PARTIAL COMPONENT Tabpage: inline tree preserved; external XFDL remains an independent WFrame content page"
"TODO","Form/TabOwnerFrameComponent.xfdl","FEATURE","PARTIAL COMPONENT Tab: inline Tabpage and static external XFDL url are converted; dynamic/mixed runtime behavior requires review"
"TODO","Form/TabOwnerFrameComponent.xfdl","FEATURE","PARTIAL COMPONENT Tabpage: inline tree preserved; external XFDL remains an independent WFrame content page"
"TODO","Form/TabOwnerFrameDataset.xfdl","FEATURE","PARTIAL COMPONENT Tab: inline Tabpage and static external XFDL url are converted; dynamic/mixed runtime behavior requires review"
"TODO","Form/TabOwnerFrameDataset.xfdl","FEATURE","PARTIAL COMPONENT Tabpage: inline tree preserved; external XFDL remains an independent WFrame content page"
"TODO","Form/TabOwnerFrameFunction.xfdl","FEATURE","PARTIAL COMPONENT Tab: inline Tabpage and static external XFDL url are converted; dynamic/mixed runtime behavior requires review"
"TODO","Form/TabOwnerFrameFunction.xfdl","FEATURE","PARTIAL COMPONENT Tabpage: inline tree preserved; external XFDL remains an independent WFrame content page"
"TODO","Form/TabOwnerFrameHost.xfdl","FEATURE","PARTIAL COMPONENT Tab: inline Tabpage and static external XFDL url are converted; dynamic/mixed runtime behavior requires review"
"TODO","Form/TabOwnerFrameHost.xfdl","FEATURE","PARTIAL COMPONENT Tabpage: inline tree preserved; external XFDL remains an independent WFrame content page"
"TODO","Form/TabParentAccess.xfdl","FEATURE","PARTIAL COMPONENT Tab: inline Tabpage and static external XFDL url are converted; dynamic/mixed runtime behavior requires review"
"TODO","Form/TabParentAccess.xfdl","FEATURE","PARTIAL COMPONENT Tabpage: inline tree preserved; external XFDL remains an independent WFrame content page"
"TODO","Form/TabParentCallsChild.xfdl","FEATURE","PARTIAL COMPONENT Tab: inline Tabpage and static external XFDL url are converted; dynamic/mixed runtime behavior requires review"
"TODO","Form/TabParentCallsChild.xfdl","FEATURE","PARTIAL COMPONENT Tabpage: inline tree preserved; external XFDL remains an independent WFrame content page"
"TODO","Form/TabParentCallsChildIndexed.xfdl","FEATURE","PARTIAL COMPONENT Tab: inline Tabpage and static external XFDL url are converted; dynamic/mixed runtime behavior requires review"
"TODO","Form/TabParentCallsChildIndexed.xfdl","FEATURE","PARTIAL COMPONENT Tabpage: inline tree preserved; external XFDL remains an independent WFrame content page"
"TODO","Form/TabParentDepth2.xfdl","FEATURE","PARTIAL COMPONENT Tab: inline Tabpage and static external XFDL url are converted; dynamic/mixed runtime behavior requires review"
"TODO","Form/TabParentDepth2.xfdl","FEATURE","PARTIAL COMPONENT Tabpage: inline tree preserved; external XFDL remains an independent WFrame content page"
"TODO","Form/TabParentDepth3.xfdl","FEATURE","PARTIAL COMPONENT Tab: inline Tabpage and static external XFDL url are converted; dynamic/mixed runtime behavior requires review"
"TODO","Form/TabParentDepth3.xfdl","FEATURE","PARTIAL COMPONENT Tabpage: inline tree preserved; external XFDL remains an independent WFrame content page"
"TODO","Form/TabParentDepthMain.xfdl","FEATURE","PARTIAL COMPONENT Tab: inline Tabpage and static external XFDL url are converted; dynamic/mixed runtime behavior requires review"
"TODO","Form/TabParentDepthMain.xfdl","FEATURE","PARTIAL COMPONENT Tabpage: inline tree preserved; external XFDL remains an independent WFrame content page"
"TODO","Form/TabParentDirect.xfdl","FEATURE","PARTIAL COMPONENT Tab: inline Tabpage and static external XFDL url are converted; dynamic/mixed runtime behavior requires review"
"TODO","Form/TabParentDirect.xfdl","FEATURE","PARTIAL COMPONENT Tabpage: inline tree preserved; external XFDL remains an independent WFrame content page"
"TODO","Form/TabParentReadsChildComponent.xfdl","FEATURE","PARTIAL COMPONENT Tab: inline Tabpage and static external XFDL url are converted; dynamic/mixed runtime behavior requires review"
"TODO","Form/TabParentReadsChildComponent.xfdl","FEATURE","PARTIAL COMPONENT Tabpage: inline tree preserved; external XFDL remains an independent WFrame content page"
"TODO","Form/TabParentReadsChildDataset.xfdl","FEATURE","PARTIAL COMPONENT Tab: inline Tabpage and static external XFDL url are converted; dynamic/mixed runtime behavior requires review"
"TODO","Form/TabParentReadsChildDataset.xfdl","FEATURE","PARTIAL COMPONENT Tabpage: inline tree preserved; external XFDL remains an independent WFrame content page"
"TODO","Form/TabParentShadowHost.xfdl","FEATURE","PARTIAL COMPONENT Tab: inline Tabpage and static external XFDL url are converted; dynamic/mixed runtime behavior requires review"
"TODO","Form/TabParentShadowHost.xfdl","FEATURE","PARTIAL COMPONENT Tabpage: inline tree preserved; external XFDL remains an independent WFrame content page"
"TODO","Form/TabParentUnresolvedDepth.xfdl","FEATURE","PARTIAL COMPONENT Tab: inline Tabpage and static external XFDL url are converted; dynamic/mixed runtime behavior requires review"
"TODO","Form/TabParentUnresolvedDepth.xfdl","FEATURE","PARTIAL COMPONENT Tabpage: inline tree preserved; external XFDL remains an independent WFrame content page"
"TODO","Form/TabPreloadDynamicUrl.xfdl","FEATURE","PARTIAL COMPONENT Tab: inline Tabpage and static external XFDL url are converted; dynamic/mixed runtime behavior requires review"
"TODO","Form/TabPreloadDynamicUrl.xfdl","FEATURE","PARTIAL COMPONENT Tabpage: inline tree preserved; external XFDL remains an independent WFrame content page"
"TODO","Form/TabRemovePage.xfdl","FEATURE","PARTIAL COMPONENT Tab: inline Tabpage and static external XFDL url are converted; dynamic/mixed runtime behavior requires review"
"TODO","Form/TabRemovePage.xfdl","FEATURE","PARTIAL COMPONENT Tabpage: inline tree preserved; external XFDL remains an independent WFrame content page"
"TODO","Form/TabRemoveReAdd.xfdl","FEATURE","PARTIAL COMPONENT Tab: inline Tabpage and static external XFDL url are converted; dynamic/mixed runtime behavior requires review"
"TODO","Form/TabRemoveReAdd.xfdl","FEATURE","PARTIAL COMPONENT Tabpage: inline tree preserved; external XFDL remains an independent WFrame content page"
"TODO","Form/TabRemoveReAdd.xfdl","API","COMPONENT addTabpage -> scwin.__xpTabRuntime.addPage : common id/label/data pattern mapped to async addTab; uncommon overloads require review"
"TODO","Form/TabRuntimeEvent.xfdl","FEATURE","PARTIAL COMPONENT Tab: inline Tabpage and static external XFDL url are converted; dynamic/mixed runtime behavior requires review"
"TODO","Form/TabRuntimeEvent.xfdl","FEATURE","PROPERTY Tab.canchange (inventory 없음)"
"TODO","Form/TabRuntimeEvent.xfdl","FEATURE","PARTIAL COMPONENT Tabpage: inline tree preserved; external XFDL remains an independent WFrame content page"
"TODO","Form/TabRuntimeEvent.xfdl","FEATURE","PARTIAL EVENT canchange: Tab cancellable pre/post index payload requires adapter"
"TODO","Form/TabRuntimeEvent.xfdl","FEATURE","PARTIAL EVENT onchanged: old/new value payload differs by component"
"TODO","Form/TabRuntimeLexicalProtection.xfdl","FEATURE","PARTIAL COMPONENT Tab: inline Tabpage and static external XFDL url are converted; dynamic/mixed runtime behavior requires review"
"TODO","Form/TabRuntimeLexicalProtection.xfdl","FEATURE","PARTIAL COMPONENT Tabpage: inline tree preserved; external XFDL remains an independent WFrame content page"
"TODO","Form/TabSameScreenMultiInstance.xfdl","FEATURE","PARTIAL COMPONENT Tab: inline Tabpage and static external XFDL url are converted; dynamic/mixed runtime behavior requires review"
"TODO","Form/TabSameScreenMultiInstance.xfdl","FEATURE","PARTIAL COMPONENT Tabpage: inline tree preserved; external XFDL remains an independent WFrame content page"
"TODO","Form/TabStateArgumentIsolation.xfdl","FEATURE","PARTIAL COMPONENT Tab: inline Tabpage and static external XFDL url are converted; dynamic/mixed runtime behavior requires review"
"TODO","Form/TabStateArgumentIsolation.xfdl","FEATURE","PARTIAL COMPONENT Tabpage: inline tree preserved; external XFDL remains an independent WFrame content page"
"TODO","Form/TabStateArgumentIsolation.xfdl","API","COMPONENT addTabpage -> scwin.__xpTabRuntime.addPage : common id/label/data pattern mapped to async addTab; uncommon overloads require review"
"TODO","Form/TabStateGenerationIsolation.xfdl","FEATURE","PARTIAL COMPONENT Tab: inline Tabpage and static external XFDL url are converted; dynamic/mixed runtime behavior requires review"
"TODO","Form/TabStateGenerationIsolation.xfdl","FEATURE","PARTIAL COMPONENT Tabpage: inline tree preserved; external XFDL remains an independent WFrame content page"
"TODO","Form/TabStateRemoveCleanup.xfdl","FEATURE","PARTIAL COMPONENT Tab: inline Tabpage and static external XFDL url are converted; dynamic/mixed runtime behavior requires review"
"TODO","Form/TabStateRemoveCleanup.xfdl","FEATURE","PARTIAL COMPONENT Tabpage: inline tree preserved; external XFDL remains an independent WFrame content page"
"TODO","Form/TabStateRemoveCleanup.xfdl","API","COMPONENT addTabpage -> scwin.__xpTabRuntime.addPage : common id/label/data pattern mapped to async addTab; uncommon overloads require review"
"TODO","Form/TabStateRetention.xfdl","FEATURE","PARTIAL COMPONENT Tab: inline Tabpage and static external XFDL url are converted; dynamic/mixed runtime behavior requires review"
"TODO","Form/TabStateRetention.xfdl","FEATURE","PARTIAL COMPONENT Tabpage: inline tree preserved; external XFDL remains an independent WFrame content page"
"TODO","Form/TabStateSameScreenMultiInstance.xfdl","FEATURE","PARTIAL COMPONENT Tab: inline Tabpage and static external XFDL url are converted; dynamic/mixed runtime behavior requires review"
"TODO","Form/TabStateSameScreenMultiInstance.xfdl","FEATURE","PARTIAL COMPONENT Tabpage: inline tree preserved; external XFDL remains an independent WFrame content page"
"TODO","Form/TabStateSwitchRetention.xfdl","FEATURE","PARTIAL COMPONENT Tab: inline Tabpage and static external XFDL url are converted; dynamic/mixed runtime behavior requires review"
"TODO","Form/TabStateSwitchRetention.xfdl","FEATURE","PARTIAL COMPONENT Tabpage: inline tree preserved; external XFDL remains an independent WFrame content page"
"TODO","Form/TabStateUrlReplacement.xfdl","FEATURE","PARTIAL COMPONENT Tab: inline Tabpage and static external XFDL url are converted; dynamic/mixed runtime behavior requires review"
"TODO","Form/TabStateUrlReplacement.xfdl","FEATURE","PARTIAL COMPONENT Tabpage: inline tree preserved; external XFDL remains an independent WFrame content page"
"TODO","Form/TabStateXjsGlobalIsolation.xfdl","FEATURE","PARTIAL COMPONENT Tab: inline Tabpage and static external XFDL url are converted; dynamic/mixed runtime behavior requires review"
"TODO","Form/TabStateXjsGlobalIsolation.xfdl","FEATURE","PARTIAL COMPONENT Tabpage: inline tree preserved; external XFDL remains an independent WFrame content page"
"TODO","Form/TabStaticDynamicMixed.xfdl","FEATURE","PARTIAL COMPONENT Tab: inline Tabpage and static external XFDL url are converted; dynamic/mixed runtime behavior requires review"
"TODO","Form/TabStaticDynamicMixed.xfdl","FEATURE","PARTIAL COMPONENT Tabpage: inline tree preserved; external XFDL remains an independent WFrame content page"
"TODO","Form/TabUnresolvedChildComponent.xfdl","FEATURE","PARTIAL COMPONENT Tab: inline Tabpage and static external XFDL url are converted; dynamic/mixed runtime behavior requires review"
"TODO","Form/TabUnresolvedChildComponent.xfdl","FEATURE","PARTIAL COMPONENT Tabpage: inline tree preserved; external XFDL remains an independent WFrame content page"
"TODO","Form/TabUnresolvedChildFunction.xfdl","FEATURE","PARTIAL COMPONENT Tab: inline Tabpage and static external XFDL url are converted; dynamic/mixed runtime behavior requires review"
"TODO","Form/TabUnresolvedChildFunction.xfdl","FEATURE","PARTIAL COMPONENT Tabpage: inline tree preserved; external XFDL remains an independent WFrame content page"
"TODO","Form/TransactionSample.xfdl","FEATURE","transaction -> WebSquare submission manual migration required"
"TODO","Form/TransactionSample.xfdl","API","GLOBAL transaction -> scwin.xpTransaction : structured transaction report; submission manual migration"
"TODO","Form/UnsupportedFeatures.xfdl","FEATURE","COMPONENT FileDownload: no safe static UI mapping selected"
"TODO","Form/UnsupportedFeatures.xfdl","FEATURE","PARTIAL COMPONENT Grid: Formats/head/body/bind and selected input types"
"TODO","Form/UnsupportedFeatures.xfdl","API","GLOBAL open -> $p.openPopup : argument model differs; not auto-rewritten"
"TODO","Form/UnsupportedFeatures.xfdl","API","GLOBAL setTimer -> TODO : timer owner/lifecycle wrapper required"
"TODO","TabContent/CircularTabA.xfdl","FEATURE","PARTIAL COMPONENT Tab: inline Tabpage and static external XFDL url are converted; dynamic/mixed runtime behavior requires review"
"TODO","TabContent/CircularTabA.xfdl","FEATURE","PARTIAL COMPONENT Tabpage: inline tree preserved; external XFDL remains an independent WFrame content page"
"TODO","TabContent/CircularTabB.xfdl","FEATURE","PARTIAL COMPONENT Tab: inline Tabpage and static external XFDL url are converted; dynamic/mixed runtime behavior requires review"
"TODO","TabContent/CircularTabB.xfdl","FEATURE","PARTIAL COMPONENT Tabpage: inline tree preserved; external XFDL remains an independent WFrame content page"
"TODO","TabContent/FirstTab.xfdl","FEATURE","PARTIAL COMPONENT Tab: inline Tabpage and static external XFDL url are converted; dynamic/mixed runtime behavior requires review"
"TODO","TabContent/FirstTab.xfdl","FEATURE","PARTIAL COMPONENT Tabpage: inline tree preserved; external XFDL remains an independent WFrame content page"
"TODO","TabContent/IdIsolationChild.xfdl","API","COMPONENT text -> getValue/setValue : label/text semantics component-specific"
"TODO","TabContent/NestedDynamicFirst.xfdl","FEATURE","PARTIAL COMPONENT Tab: inline Tabpage and static external XFDL url are converted; dynamic/mixed runtime behavior requires review"
"TODO","TabContent/NestedDynamicFirst.xfdl","FEATURE","PARTIAL COMPONENT Tabpage: inline tree preserved; external XFDL remains an independent WFrame content page"
"TODO","TabContent/ParentDepth2First.xfdl","FEATURE","PARTIAL COMPONENT Tab: inline Tabpage and static external XFDL url are converted; dynamic/mixed runtime behavior requires review"
"TODO","TabContent/ParentDepth2First.xfdl","FEATURE","PARTIAL COMPONENT Tabpage: inline tree preserved; external XFDL remains an independent WFrame content page"
"TODO","TabContent/ParentDepth3First.xfdl","FEATURE","PARTIAL COMPONENT Tab: inline Tabpage and static external XFDL url are converted; dynamic/mixed runtime behavior requires review"
"TODO","TabContent/ParentDepth3First.xfdl","FEATURE","PARTIAL COMPONENT Tabpage: inline tree preserved; external XFDL remains an independent WFrame content page"
"TODO","TabContent/ParentDepth3Second.xfdl","FEATURE","PARTIAL COMPONENT Tab: inline Tabpage and static external XFDL url are converted; dynamic/mixed runtime behavior requires review"
"TODO","TabContent/ParentDepth3Second.xfdl","FEATURE","PARTIAL COMPONENT Tabpage: inline tree preserved; external XFDL remains an independent WFrame content page"
"TODO","TabContent/ParentDepthFirst.xfdl","FEATURE","PARTIAL COMPONENT Tab: inline Tabpage and static external XFDL url are converted; dynamic/mixed runtime behavior requires review"
"TODO","TabContent/ParentDepthFirst.xfdl","FEATURE","PARTIAL COMPONENT Tabpage: inline tree preserved; external XFDL remains an independent WFrame content page"
"TODO","TabContent/ParentDepthSecond.xfdl","FEATURE","PARTIAL COMPONENT Tab: inline Tabpage and static external XFDL url are converted; dynamic/mixed runtime behavior requires review"
"TODO","TabContent/ParentDepthSecond.xfdl","FEATURE","PARTIAL COMPONENT Tabpage: inline tree preserved; external XFDL remains an independent WFrame content page"
"TODO","Form/TabAddPage.xfdl","TAB_DYNAMIC_CONTENT","set_url line 2 target=tabMain.tabA source=function fnAdd(){ this.tabMain.addTabpage(""tabA"",""A""); this.tabMain.tabA.set_url(""../TabContent/Search.xfdl""); }"
"TODO","Form/TabAddPage.xfdl","TAB_DYNAMIC_CONTENT","TAB STRUCTURE API addTabpage line 2"
"TODO","Form/TabAddPageOverloads.xfdl","TAB_DYNAMIC_CONTENT","TAB STRUCTURE API addTabpage line 2"
"TODO","Form/TabAddPageWithArguments.xfdl","TAB_DYNAMIC_CONTENT","set_url line 2 target=tabMain.argPage source=function fnAdd(){ this.tabMain.addTabpage(""argPage"",""Args"",{USER_ID:100,MODE:""EDIT""}); this.tabMain.argPage.set_url(""../TabContent/RuntimeBridgeChild.xfdl""); }"
"TODO","Form/TabAddPageWithArguments.xfdl","TAB_DYNAMIC_CONTENT","TAB STRUCTURE API addTabpage line 2"
"TODO","Form/TabAsyncAddSetUrlCallChild.xfdl","TAB_DYNAMIC_CONTENT","set_url line 2 target=tabMain.pageA source=function fnOpen(){ this.tabMain.addTabpage(""pageA"",""A""); this.tabMain.pageA.set_url(""../TabContent/RuntimeBridgeChild.xfdl""); return this.tabMain.pageA.form.fnGetValue(); }"
"TODO","Form/TabAsyncAddSetUrlCallChild.xfdl","TAB_DYNAMIC_CONTENT","TAB STRUCTURE API addTabpage line 2"
"TODO","Form/TabAsyncLazyCallChild.xfdl","TAB_PARENT_CHILD_SCOPE","PARENT_TO_TAB_CHILD line 2 tabPage=tabMain.pageChild source=function fnLazy(){ return this.tabMain.pageChild.form.fnGetValue(); }"
"TODO","Form/TabAsyncLazyReadComponent.xfdl","TAB_PARENT_CHILD_SCOPE","PARENT_TO_TAB_CHILD line 2 tabPage=tabMain.pageChild source=function fnRead(){ return this.tabMain.pageChild.form.edtName.value; }"
"TODO","Form/TabAsyncLazyReadDataset.xfdl","TAB_PARENT_CHILD_SCOPE","PARENT_TO_TAB_CHILD line 2 tabPage=tabMain.pageChild source=function fnRead(){ return this.tabMain.pageChild.form.dsSearch.getRowCount(); }"
"TODO","Form/TabAsyncLazySyncReturn.xfdl","TAB_PARENT_CHILD_SCOPE","PARENT_TO_TAB_CHILD line 2 tabPage=tabMain.child source=function fnRead(){ return this.tabMain.child.form.fnGetValue(); }"
"TODO","Form/TabAsyncLoadedSyncReturn.xfdl","TAB_PARENT_CHILD_SCOPE","PARENT_TO_TAB_CHILD line 2 tabPage=tabMain.child source=function fnRead(){ return this.tabMain.child.form.fnGetValue(); }"
"TODO","Form/TabAsyncRapidSetUrl.xfdl","TAB_DYNAMIC_CONTENT","set_url line 2 target=tabMain.pageA source=function fnRapid(){ this.tabMain.pageA.set_url(""../TabContent/Detail.xfdl""); this.tabMain.pageA.set_url(""../TabContent/Search.xfdl""); }"
"TODO","Form/TabAsyncRapidSetUrl.xfdl","TAB_PARENT_CHILD_SCOPE","PARENT_TO_TAB_CHILD line 2 tabPage=tabMain.pageA source=function fnRapid(){ this.tabMain.pageA.set_url(""../TabContent/Detail.xfdl""); this.tabMain.pageA.set_url(""../TabContent/Search.xfdl""); }"
"TODO","Form/TabAsyncRemoveReAdd.xfdl","TAB_DYNAMIC_CONTENT","set_url line 2 target=tabMain.A source=function fnCycle(){ this.tabMain.addTabpage(""A"",""A""); this.tabMain.A.set_url(""../TabContent/Search.xfdl""); this.tabMain.removeTabpage(""A""); this.tabMain.addTabpage(""A"",""A2""); this.tabMain.A.set_url(""../TabContent/Detail.xfdl""); }"
"TODO","Form/TabAsyncRemoveReAdd.xfdl","TAB_DYNAMIC_CONTENT","TAB STRUCTURE API addTabpage line 2"
"TODO","Form/TabAsyncRemoveReAdd.xfdl","TAB_DYNAMIC_CONTENT","TAB STRUCTURE API removeTabpage line 2"
"TODO","Form/TabAsyncStaleLoadCallback.xfdl","TAB_DYNAMIC_CONTENT","set_url line 2 target=tabMain.pageA source=function fnReplace(){ this.tabMain.pageA.set_url(""../TabContent/Search.xfdl""); this.tabMain.pageA.set_url(""../TabContent/Detail.xfdl""); this.tabMain.pageA.set_url(""../TabContent/History.xfdl""); }"
"TODO","Form/TabAsyncStaleLoadCallback.xfdl","TAB_PARENT_CHILD_SCOPE","PARENT_TO_TAB_CHILD line 2 tabPage=tabMain.pageA source=function fnReplace(){ this.tabMain.pageA.set_url(""../TabContent/Search.xfdl""); this.tabMain.pageA.set_url(""../TabContent/Detail.xfdl""); this.tabMain.pageA.set_url(""../TabContent/History.xfdl""); }"
"TODO","Form/TabChildArguments.xfdl","TAB_DYNAMIC_CONTENT","set_url line 2 target=tabMain.argPage source=function fnArgs(){ this.tabMain.addTabpage(""argPage"",""ARG"",{USER_ID:100,MODE:""EDIT""}); this.tabMain.argPage.set_url(""../TabContent/RuntimeBridgeChild.xfdl""); }"
"TODO","Form/TabChildArguments.xfdl","TAB_DYNAMIC_CONTENT","TAB STRUCTURE API addTabpage line 2"
"TODO","Form/TabDynamicContent.xfdl","TAB_DYNAMIC_CONTENT","set_url line 2 target=tabDynamic.pageA source=function changePage(){ this.tabDynamic.pageA.set_url(""../TabContent/Search.xfdl""); }"
"TODO","Form/TabDynamicContent.xfdl","TAB_DYNAMIC_CONTENT","url assignment line 3 target=tabDynamic.pageA source=function changePage2(){ this.tabDynamic.pageA.url = ""../TabContent/Detail.xfdl""; }"
"TODO","Form/TabDynamicContent.xfdl","TAB_DYNAMIC_CONTENT","TAB STRUCTURE API addTabpage line 4"
"TODO","Form/TabDynamicContent.xfdl","TAB_DYNAMIC_CONTENT","TAB STRUCTURE API removeTabpage line 4"
"TODO","Form/TabDynamicIdCollision.xfdl","TAB_DYNAMIC_CONTENT","TAB STRUCTURE API addTabpage line 2"
"TODO","Form/TabDynamicIndexedSetUrl.xfdl","TAB_DYNAMIC_CONTENT","set_url line 2 target=tabMain.tabpages[0] source=function fnByIndex(){ this.tabMain.tabpages[0].set_url(""../TabContent/Search.xfdl""); }"
"TODO","Form/TabDynamicIndexedSetUrl.xfdl","TAB_DYNAMIC_CONTENT","set_url line 3 target=tabMain.tabpages[""pageDetail""] source=function fnByName(){ this.tabMain.tabpages[""pageDetail""].set_url(""../TabContent/Detail.xfdl""); }"
"TODO","Form/TabDynamicPathXjs.xfdl","TAB_DYNAMIC_CONTENT","set_url line 3 target=tabMain.pageSearch source=function fnOpen(){ this.tabMain.pageSearch.set_url(gvRuntimePath); }"
"TODO","Form/TabDynamicReplaceState.xfdl","TAB_DYNAMIC_CONTENT","set_url line 2 target=tabMain.search source=function fnReplace(){ this.tabMain.search.set_url(""../TabContent/Detail.xfdl""); }"
"TODO","Form/TabDynamicReplaceState.xfdl","TAB_PARENT_CHILD_SCOPE","PARENT_TO_TAB_CHILD line 2 tabPage=tabMain.search source=function fnReplace(){ this.tabMain.search.set_url(""../TabContent/Detail.xfdl""); }"
"TODO","Form/TabDynamicRuntimeOnly.xfdl","TAB_DYNAMIC_CONTENT","set_url line 2 target=tabMain.pageSearch source=function fnOpen(name){ this.tabMain.pageSearch.set_url(""../TabContent/""+name+"".xfdl""); }"
"TODO","Form/TabDynamicSameScreenMultiInstance.xfdl","TAB_DYNAMIC_CONTENT","set_url line 2 target=tabMain.A source=function fnAdd(){ this.tabMain.addTabpage(""A"",""A""); this.tabMain.A.set_url(""../TabContent/Search.xfdl""); this.tabMain.addTabpage(""B"",""B""); this.tabMain.B.set_url(""../TabContent/Search.xfdl""); }"
"TODO","Form/TabDynamicSameScreenMultiInstance.xfdl","TAB_DYNAMIC_CONTENT","set_url line 2 target=tabMain.B source=function fnAdd(){ this.tabMain.addTabpage(""A"",""A""); this.tabMain.A.set_url(""../TabContent/Search.xfdl""); this.tabMain.addTabpage(""B"",""B""); this.tabMain.B.set_url(""../TabContent/Search.xfdl""); }"
"TODO","Form/TabDynamicSameScreenMultiInstance.xfdl","TAB_DYNAMIC_CONTENT","TAB STRUCTURE API addTabpage line 2"
"TODO","Form/TabDynamicServicePath.xfdl","TAB_DYNAMIC_CONTENT","set_url line 2 target=tabMain.pageSearch source=function fnOpen(){ this.tabMain.pageSearch.set_url(""TabForm::Detail.xfdl""); }"
"TODO","Form/TabDynamicSetUrlConditional.xfdl","TAB_DYNAMIC_CONTENT","set_url line 2 target=tabMain.pageSearch source=function fnOpen(type){ if(type==""A"") this.tabMain.pageSearch.set_url(""../TabContent/Search.xfdl""); else this.tabMain.pageSearch.set_url(""../TabContent/Detail.xfdl""); }"
"TODO","Form/TabDynamicSetUrlStatic.xfdl","TAB_DYNAMIC_CONTENT","set_url line 2 target=tabMain.pageSearch source=function fnOpen(){ this.tabMain.pageSearch.set_url(""../TabContent/Search.xfdl""); }"
"TODO","Form/TabDynamicSetUrlVariable.xfdl","TAB_DYNAMIC_CONTENT","set_url line 2 target=tabMain.pageSearch source=function fnOpen(){ var url=""../TabContent/Search.xfdl""; this.tabMain.pageSearch.set_url(url); }"
"TODO","Form/TabEagerLifecycle.xfdl","TAB_PARENT_CHILD_SCOPE","PARENT_TO_TAB_CHILD line 2 tabPage=tabMain.pageChild source=function fnRead(){ return this.tabMain.pageChild.form.fnGetValue(); }"
"TODO","Form/TabInsertPage.xfdl","TAB_DYNAMIC_CONTENT","set_url line 2 target=tabMain.tabNew source=function fnInsert(){ this.tabMain.insertTabpage(""tabNew"",0,""NEW""); this.tabMain.tabNew.set_url(""../TabContent/Detail.xfdl""); }"
"TODO","Form/TabInsertPage.xfdl","TAB_DYNAMIC_CONTENT","TAB STRUCTURE API insertTabpage line 2"
"TODO","Form/TabInsertPageOverloads.xfdl","TAB_DYNAMIC_CONTENT","TAB STRUCTURE API insertTabpage line 2"
"TODO","Form/TabLazyLifecycle.xfdl","TAB_PARENT_CHILD_SCOPE","PARENT_TO_TAB_CHILD line 2 tabPage=tabMain.pageChild source=function fnRead(){ return this.tabMain.pageChild.form.fnGetValue(); }"
"TODO","Form/TabLifecycleDynamicAdd.xfdl","TAB_DYNAMIC_CONTENT","set_url line 2 target=tabMain.child source=function fnAdd(){ this.tabMain.addTabpage(""child"",""Child""); this.tabMain.child.set_url(""../TabContent/LifecycleChild.xfdl""); }"
"TODO","Form/TabLifecycleDynamicAdd.xfdl","TAB_DYNAMIC_CONTENT","TAB STRUCTURE API addTabpage line 2"
"TODO","Form/TabLifecycleInactiveReplace.xfdl","TAB_DYNAMIC_CONTENT","set_url line 2 target=tabMain.B source=function fnReplaceInactive(){ this.tabMain.B.set_url(""../TabContent/LifecycleChild.xfdl""); }"
"TODO","Form/TabLifecycleInactiveReplace.xfdl","TAB_PARENT_CHILD_SCOPE","PARENT_TO_TAB_CHILD line 2 tabPage=tabMain.B source=function fnReplaceInactive(){ this.tabMain.B.set_url(""../TabContent/LifecycleChild.xfdl""); }"
"TODO","Form/TabLifecycleOnloadFailure.xfdl","TAB_PARENT_CHILD_SCOPE","PARENT_TO_TAB_CHILD line 2 tabPage=tabMain.child source=function fnCall(){ return this.tabMain.child.form.fnValue(); }"
"TODO","Form/TabLifecycleRemoveSelected.xfdl","TAB_DYNAMIC_CONTENT","TAB STRUCTURE API removeTabpage line 2"
"TODO","Form/TabLifecycleSelectedReplace.xfdl","TAB_DYNAMIC_CONTENT","set_url line 2 target=tabMain.child source=function fnReplace(){ this.tabMain.set_tabindex(0); this.tabMain.child.set_url(""../TabContent/LifecycleChild.xfdl""); }"
"TODO","Form/TabLifecycleSelectedReplace.xfdl","TAB_PARENT_CHILD_SCOPE","PARENT_TO_TAB_CHILD line 2 tabPage=tabMain.child source=function fnReplace(){ this.tabMain.set_tabindex(0); this.tabMain.child.set_url(""../TabContent/LifecycleChild.xfdl""); }"
"TODO","Form/TabLifecycleSetUrlReplace.xfdl","TAB_DYNAMIC_CONTENT","set_url line 2 target=tabMain.child source=function fnReplace(){ this.tabMain.child.set_url(""../TabContent/LifecycleChild.xfdl""); }"
"TODO","Form/TabLifecycleSetUrlReplace.xfdl","TAB_PARENT_CHILD_SCOPE","PARENT_TO_TAB_CHILD line 2 tabPage=tabMain.child source=function fnReplace(){ this.tabMain.child.set_url(""../TabContent/LifecycleChild.xfdl""); }"
"WARNING","Form/TabMissingContent.xfdl","TAB_CONTENT_UNRESOLVED","tabMissing.pageMissing -> ../TabContent/MissingSearch.xfdl : 프로젝트 source tree에서 대상 XFDL을 찾지 못함: ../TabContent/MissingSearch.xfdl"
"TODO","Form/TabMixedContent.xfdl","TAB_MIXED_CONTENT","tabMixed.pageMixed"
"WARNING","Form/TabMixedContent.xfdl","TAB_ANALYSIS","mixed inline/external Tabpage: tabMixed.pageMixed external=../TabContent/Search.xfdl (external content kept; inline child conversion suppressed)"
"TODO","Form/TabOnloadFailureHost.xfdl","TAB_PARENT_CHILD_SCOPE","PARENT_TO_TAB_CHILD line 2 tabPage=tabMain.failChild source=function fnCall(){ return this.tabMain.failChild.form.fnValue(); }"
"TODO","Form/TabOpenerBridge.xfdl","TAB_PARENT_CHILD_SCOPE","opener line 2"
"TODO","Form/TabOpenerBridge.xfdl","TAB_PARENT_CHILD_SCOPE","opener line 3"
"TODO","Form/TabOpenerFunction.xfdl","TAB_PARENT_CHILD_SCOPE","opener line 2"
"TODO","Form/TabParentAccess.xfdl","TAB_PARENT_CHILD_SCOPE","PARENT_TO_TAB_CHILD line 2 tabPage=tabParent.pageChild source=function readChildFromParent(){ trace(this.tabParent.pageChild.edtChild.value); }"
"TODO","Form/TabParentAndOpener.xfdl","TAB_PARENT_CHILD_SCOPE","parent line 2"
"TODO","Form/TabParentAndOpener.xfdl","TAB_PARENT_CHILD_SCOPE","opener line 2"
"TODO","Form/TabParentCallsChild.xfdl","TAB_PARENT_CHILD_SCOPE","PARENT_TO_TAB_CHILD line 2 tabPage=tabMain.pageChild source=function fnCall(){ var v=this.tabMain.pageChild.form.fnSearch(""ABC""); trace(v); }"
"TODO","Form/TabParentCallsChildIndexed.xfdl","TAB_PARENT_CHILD_SCOPE","PARENT_TO_TAB_CHILD_INDEXED line 2 tab=tabMain source=function fnCallIndex(){ return this.tabMain.tabpages[0].form.fnSearch(""IDX""); }"
"TODO","Form/TabParentCallsChildIndexed.xfdl","TAB_PARENT_CHILD_SCOPE","PARENT_TO_TAB_CHILD_INDEXED line 3 tab=tabMain source=function fnCallName(){ return this.tabMain.tabpages[""pageChild""].form.fnSearch(""NAME""); }"
"TODO","Form/TabParentReadsChildComponent.xfdl","TAB_PARENT_CHILD_SCOPE","PARENT_TO_TAB_CHILD line 2 tabPage=tabMain.pageChild source=function fnRead(){ trace(this.tabMain.pageChild.form.edtName.value); this.tabMain.pageChild.form.edtName.value=""PARENT""; }"
"TODO","Form/TabParentReadsChildDataset.xfdl","TAB_PARENT_CHILD_SCOPE","PARENT_TO_TAB_CHILD line 2 tabPage=tabMain.pageChild source=function fnRead(){ trace(this.tabMain.pageChild.form.dsSearch.getRowCount()); trace(this.tabMain.pageChild.form.dsSearch.getColumn(0,""NAME"")); }"
"TODO","Form/TabPreloadDynamicUrl.xfdl","TAB_DYNAMIC_CONTENT","set_url line 2 target=tabMain.pageSearch source=function fnChange(){ this.tabMain.pageSearch.set_url(""../TabContent/Detail.xfdl""); }"
"TODO","Form/TabPreloadDynamicUrl.xfdl","TAB_PARENT_CHILD_SCOPE","PARENT_TO_TAB_CHILD line 2 tabPage=tabMain.pageSearch source=function fnChange(){ this.tabMain.pageSearch.set_url(""../TabContent/Detail.xfdl""); }"
"TODO","Form/TabRemovePage.xfdl","TAB_DYNAMIC_CONTENT","TAB STRUCTURE API removeTabpage line 2"
"TODO","Form/TabRemoveReAdd.xfdl","TAB_DYNAMIC_CONTENT","set_url line 2 target=tabMain.tabA source=function fnCycle(){ this.tabMain.addTabpage(""tabA"",""A""); this.tabMain.tabA.set_url(""../TabContent/Search.xfdl""); this.tabMain.removeTabpage(""tabA""); this.tabMain.addTabpage(""tabA"",""A2""); this.tabMain.tabA.set_url(""../TabContent/Detail.xfdl""); }"
"TODO","Form/TabRemoveReAdd.xfdl","TAB_DYNAMIC_CONTENT","TAB STRUCTURE API addTabpage line 2"
"TODO","Form/TabRemoveReAdd.xfdl","TAB_DYNAMIC_CONTENT","TAB STRUCTURE API removeTabpage line 2"
"TODO","Form/TabSameScreenMultiInstance.xfdl","TAB_PARENT_CHILD_SCOPE","PARENT_TO_TAB_CHILD line 2 tabPage=tabMain.a source=function fnRead(){ trace(this.tabMain.a.form.edtKeyword.value); trace(this.tabMain.b.form.edtKeyword.value); }"
"TODO","Form/TabSameScreenMultiInstance.xfdl","TAB_PARENT_CHILD_SCOPE","PARENT_TO_TAB_CHILD line 2 tabPage=tabMain.b source=function fnRead(){ trace(this.tabMain.a.form.edtKeyword.value); trace(this.tabMain.b.form.edtKeyword.value); }"
"TODO","Form/TabStateArgumentIsolation.xfdl","TAB_DYNAMIC_CONTENT","set_url line 2 target=tabMain.A source=function fnArgs(){ this.tabMain.addTabpage(""A"",""A"",{MODE:""A""}); this.tabMain.A.set_url(""../TabContent/RuntimeBridgeChild.xfdl""); this.tabMain.addTabpage(""B"",""B"",{MODE:""B""}); this.tabMain.B.set_url(""../TabContent/RuntimeBridgeChild.xfdl""); }"
"TODO","Form/TabStateArgumentIsolation.xfdl","TAB_DYNAMIC_CONTENT","set_url line 2 target=tabMain.B source=function fnArgs(){ this.tabMain.addTabpage(""A"",""A"",{MODE:""A""}); this.tabMain.A.set_url(""../TabContent/RuntimeBridgeChild.xfdl""); this.tabMain.addTabpage(""B"",""B"",{MODE:""B""}); this.tabMain.B.set_url(""../TabContent/RuntimeBridgeChild.xfdl""); }"
"TODO","Form/TabStateArgumentIsolation.xfdl","TAB_DYNAMIC_CONTENT","TAB STRUCTURE API addTabpage line 2"
"TODO","Form/TabStateGenerationIsolation.xfdl","TAB_DYNAMIC_CONTENT","set_url line 2 target=tabMain.A source=function fnGen(){ this.tabMain.A.set_url(""../TabContent/Detail.xfdl""); this.tabMain.A.set_url(""../TabContent/Search.xfdl""); }"
"TODO","Form/TabStateGenerationIsolation.xfdl","TAB_PARENT_CHILD_SCOPE","PARENT_TO_TAB_CHILD line 2 tabPage=tabMain.A source=function fnGen(){ this.tabMain.A.set_url(""../TabContent/Detail.xfdl""); this.tabMain.A.set_url(""../TabContent/Search.xfdl""); }"
"TODO","Form/TabStateRemoveCleanup.xfdl","TAB_DYNAMIC_CONTENT","set_url line 2 target=tabMain.A source=function fnCycle(){ this.tabMain.addTabpage(""A"",""A""); this.tabMain.A.set_url(""../TabContent/Search.xfdl""); this.tabMain.removeTabpage(""A""); }"
"TODO","Form/TabStateRemoveCleanup.xfdl","TAB_DYNAMIC_CONTENT","TAB STRUCTURE API addTabpage line 2"
"TODO","Form/TabStateRemoveCleanup.xfdl","TAB_DYNAMIC_CONTENT","TAB STRUCTURE API removeTabpage line 2"
"TODO","Form/TabStateSameScreenMultiInstance.xfdl","TAB_PARENT_CHILD_SCOPE","PARENT_TO_TAB_CHILD line 2 tabPage=tabMain.A source=function fnState(){ this.tabMain.A.form.edtName.value=""AAA""; this.tabMain.B.form.edtName.value=""BBB""; }"
"TODO","Form/TabStateSameScreenMultiInstance.xfdl","TAB_PARENT_CHILD_SCOPE","PARENT_TO_TAB_CHILD line 2 tabPage=tabMain.B source=function fnState(){ this.tabMain.A.form.edtName.value=""AAA""; this.tabMain.B.form.edtName.value=""BBB""; }"
"TODO","Form/TabStateSwitchRetention.xfdl","TAB_PARENT_CHILD_SCOPE","PARENT_TO_TAB_CHILD line 2 tabPage=tabMain.A source=function fnSwitch(){ this.tabMain.set_tabindex(0); this.tabMain.A.form.edtName.value=""ABC""; this.tabMain.set_tabindex(1); this.tabMain.set_tabindex(0); return this.tabMain.A.form.edtName.value; }"
"TODO","Form/TabStateUrlReplacement.xfdl","TAB_DYNAMIC_CONTENT","set_url line 2 target=tabMain.A source=function fnReplace(){ this.tabMain.A.form.edtName.value=""ABC""; this.tabMain.A.set_url(""../TabContent/Detail.xfdl""); }"
"TODO","Form/TabStateUrlReplacement.xfdl","TAB_PARENT_CHILD_SCOPE","PARENT_TO_TAB_CHILD line 2 tabPage=tabMain.A source=function fnReplace(){ this.tabMain.A.form.edtName.value=""ABC""; this.tabMain.A.set_url(""../TabContent/Detail.xfdl""); }"
"TODO","Form/TabStateXjsGlobalIsolation.xfdl","TAB_PARENT_CHILD_SCOPE","PARENT_TO_TAB_CHILD line 2 tabPage=tabMain.A source=function fnCheck(){ var a=this.tabMain.A.form.fnNext(); var b=this.tabMain.B.form.fnNext(); return a+"":""+b; }"
"TODO","Form/TabStateXjsGlobalIsolation.xfdl","TAB_PARENT_CHILD_SCOPE","PARENT_TO_TAB_CHILD line 2 tabPage=tabMain.B source=function fnCheck(){ var a=this.tabMain.A.form.fnNext(); var b=this.tabMain.B.form.fnNext(); return a+"":""+b; }"
"TODO","Form/TabStaticDynamicMixed.xfdl","TAB_DYNAMIC_CONTENT","set_url line 2 target=tabMain.pageSearch source=function fnChange(){ this.tabMain.pageSearch.set_url(""../TabContent/Detail.xfdl""); }"
"TODO","Form/TabStaticDynamicMixed.xfdl","TAB_PARENT_CHILD_SCOPE","PARENT_TO_TAB_CHILD line 2 tabPage=tabMain.pageSearch source=function fnChange(){ this.tabMain.pageSearch.set_url(""../TabContent/Detail.xfdl""); }"
"TODO","Form/TabUnresolvedChildComponent.xfdl","TAB_PARENT_CHILD_SCOPE","PARENT_TO_TAB_CHILD line 2 tabPage=tabMain.pageChild source=function fnBad(){ trace(this.tabMain.pageChild.form.edtUnknown.value); }"
"TODO","Form/TabUnresolvedChildFunction.xfdl","TAB_PARENT_CHILD_SCOPE","PARENT_TO_TAB_CHILD line 2 tabPage=tabMain.pageChild source=function fnBad(){ this.tabMain.pageChild.form.fnUnknown(); }"
"TODO","TabContent/ChildBridgeParent.xfdl","TAB_PARENT_CHILD_SCOPE","parent line 2"
"TODO","TabContent/ChildBridgeParent.xfdl","TAB_PARENT_CHILD_SCOPE","parent line 3"
"TODO","TabContent/NestedDynamicFirst.xfdl","TAB_DYNAMIC_CONTENT","set_url line 2 target=tabInner.innerSeed source=function openSecond(){ this.tabInner.innerSeed.set_url(""SecondTab.xfdl""); }"
"TODO","TabContent/OwnerBridgeChild.xfdl","TAB_PARENT_CHILD_SCOPE","getOwnerFrame line 3"
"TODO","TabContent/OwnerBridgeChild.xfdl","TAB_PARENT_CHILD_SCOPE","arguments line 3"
"TODO","TabContent/OwnerBridgeChild.xfdl","TAB_PARENT_CHILD_SCOPE","getOwnerFrame line 4"
"TODO","TabContent/ParentAccessChild.xfdl","TAB_PARENT_CHILD_SCOPE","getOwnerFrame line 2"
"TODO","TabContent/ParentDepth2Second.xfdl","TAB_PARENT_CHILD_SCOPE","parent line 1"
"TODO","TabContent/ParentDepth3Third.xfdl","TAB_PARENT_CHILD_SCOPE","parent line 1"
"TODO","TabContent/ParentDepthThird.xfdl","TAB_PARENT_CHILD_SCOPE","parent line 2"
"TODO","TabContent/ParentDepthThird.xfdl","TAB_PARENT_CHILD_SCOPE","parent line 3"
"TODO","TabContent/ParentDepthUnresolvedChild.xfdl","TAB_PARENT_CHILD_SCOPE","parent line 1"
"TODO","TabContent/ParentShadowChild.xfdl","TAB_PARENT_CHILD_SCOPE","parent line 2"
