source,output,type,status,message
"Form/ComponentMethodConversion.xfdl","Form/ComponentMethodConversion.xml","XFDL","SUCCESS",""
"Form/ControlPropertyMatrix.xfdl","Form/ControlPropertyMatrix.xml","XFDL","SUCCESS",""
"Form/DatasetBinding.xfdl","Form/DatasetBinding.xml","XFDL","SUCCESS",""
"Form/EventMatrix.xfdl","Form/EventMatrix.xml","XFDL","SUCCESS",""
"Form/ExternalXjsBasic.xfdl","Form/ExternalXjsBasic.xml","XFDL","SUCCESS",""
"Form/ExternalXjsCircularDependency.xfdl","Form/ExternalXjsCircularDependency.xml","XFDL","SUCCESS",""
"Form/ExternalXjsDependency.xfdl","Form/ExternalXjsDependency.xml","XFDL","SUCCESS",""
"Form/ExternalXjsDirectGlobal.xfdl","Form/ExternalXjsDirectGlobal.xml","XFDL","SUCCESS",""
"Form/ExternalXjsDuplicateFunction.xfdl","Form/ExternalXjsDuplicateFunction.xml","XFDL","SUCCESS",""
"Form/ExternalXjsGlobalVariable.xfdl","Form/ExternalXjsGlobalVariable.xml","XFDL","SUCCESS",""
"Form/ExternalXjsSameFileDuplicate.xfdl","Form/ExternalXjsSameFileDuplicate.xml","XFDL","SUCCESS",""
"Form/ExternalXjsTopLevelInit.xfdl","Form/ExternalXjsTopLevelInit.xml","XFDL","SUCCESS",""
"Form/GridAdvancedPhase3.xfdl","Form/GridAdvancedPhase3.xml","XFDL","SUCCESS",""
"Form/Main/TabExternalRelativePath.xfdl","Form/Main/TabExternalRelativePath.xml","XFDL","SUCCESS",""
"Form/NamespacePrefixed.xfdl","Form/NamespacePrefixed.xml","XFDL","SUCCESS",""
"Form/NestedContainer.xfdl","Form/NestedContainer.xml","XFDL","SUCCESS",""
"Form/ScopeShadowing.xfdl","Form/ScopeShadowing.xml","XFDL","SUCCESS",""
"Form/TabAddPage.xfdl","Form/TabAddPage.xml","XFDL","SUCCESS",""
"Form/TabAddPageOverloads.xfdl","Form/TabAddPageOverloads.xml","XFDL","SUCCESS",""
"Form/TabAddPageWithArguments.xfdl","Form/TabAddPageWithArguments.xml","XFDL","SUCCESS",""
"Form/TabAsyncAddSetUrlCallChild.xfdl","Form/TabAsyncAddSetUrlCallChild.xml","XFDL","SUCCESS",""
"Form/TabAsyncLazyCallChild.xfdl","Form/TabAsyncLazyCallChild.xml","XFDL","SUCCESS",""
"Form/TabAsyncLazyReadComponent.xfdl","Form/TabAsyncLazyReadComponent.xml","XFDL","SUCCESS",""
"Form/TabAsyncLazyReadDataset.xfdl","Form/TabAsyncLazyReadDataset.xml","XFDL","SUCCESS",""
"Form/TabAsyncLazySyncReturn.xfdl","Form/TabAsyncLazySyncReturn.xml","XFDL","SUCCESS",""
"Form/TabAsyncLoadedSyncReturn.xfdl","Form/TabAsyncLoadedSyncReturn.xml","XFDL","SUCCESS",""
"Form/TabAsyncRapidSelection.xfdl","Form/TabAsyncRapidSelection.xml","XFDL","SUCCESS",""
"Form/TabAsyncRapidSetUrl.xfdl","Form/TabAsyncRapidSetUrl.xml","XFDL","SUCCESS",""
"Form/TabAsyncRemoveReAdd.xfdl","Form/TabAsyncRemoveReAdd.xml","XFDL","SUCCESS",""
"Form/TabAsyncStaleLoadCallback.xfdl","Form/TabAsyncStaleLoadCallback.xml","XFDL","SUCCESS",""
"Form/TabChildArguments.xfdl","Form/TabChildArguments.xml","XFDL","SUCCESS",""
"Form/TabChildCallsParent.xfdl","Form/TabChildCallsParent.xml","XFDL","SUCCESS",""
"Form/TabChildReadsParentComponent.xfdl","Form/TabChildReadsParentComponent.xml","XFDL","SUCCESS",""
"Form/TabChildReadsParentDataset.xfdl","Form/TabChildReadsParentDataset.xml","XFDL","SUCCESS",""
"Form/TabCircularScreenDependency.xfdl","Form/TabCircularScreenDependency.xml","XFDL","SUCCESS",""
"Form/TabContainer.xfdl","Form/TabContainer.xml","XFDL","SUCCESS",""
"Form/TabContentIdIsolation.xfdl","Form/TabContentIdIsolation.xml","XFDL","SUCCESS",""
"Form/TabContentLifecycle.xfdl","Form/TabContentLifecycle.xml","XFDL","SUCCESS",""
"Form/TabDuplicateContent.xfdl","Form/TabDuplicateContent.xml","XFDL","SUCCESS",""
"Form/TabDynamicContent.xfdl","Form/TabDynamicContent.xml","XFDL","SUCCESS",""
"Form/TabDynamicIdCollision.xfdl","Form/TabDynamicIdCollision.xml","XFDL","SUCCESS",""
"Form/TabDynamicIndexedSetUrl.xfdl","Form/TabDynamicIndexedSetUrl.xml","XFDL","SUCCESS",""
"Form/TabDynamicPathXjs.xfdl","Form/TabDynamicPathXjs.xml","XFDL","SUCCESS",""
"Form/TabDynamicReplaceState.xfdl","Form/TabDynamicReplaceState.xml","XFDL","SUCCESS",""
"Form/TabDynamicRuntimeOnly.xfdl","Form/TabDynamicRuntimeOnly.xml","XFDL","SUCCESS",""
"Form/TabDynamicSameScreenMultiInstance.xfdl","Form/TabDynamicSameScreenMultiInstance.xml","XFDL","SUCCESS",""
"Form/TabDynamicSelection.xfdl","Form/TabDynamicSelection.xml","XFDL","SUCCESS",""
"Form/TabDynamicServicePath.xfdl","Form/TabDynamicServicePath.xml","XFDL","SUCCESS",""
"Form/TabDynamicSetUrlConditional.xfdl","Form/TabDynamicSetUrlConditional.xml","XFDL","SUCCESS",""
"Form/TabDynamicSetUrlStatic.xfdl","Form/TabDynamicSetUrlStatic.xml","XFDL","SUCCESS",""
"Form/TabDynamicSetUrlVariable.xfdl","Form/TabDynamicSetUrlVariable.xml","XFDL","SUCCESS",""
"Form/TabEagerLifecycle.xfdl","Form/TabEagerLifecycle.xml","XFDL","SUCCESS",""
"Form/TabExternalContent.xfdl","Form/TabExternalContent.xml","XFDL","SUCCESS",""
"Form/TabExternalNested.xfdl","Form/TabExternalNested.xml","XFDL","SUCCESS",""
"Form/TabExternalPreload.xfdl","Form/TabExternalPreload.xml","XFDL","SUCCESS",""
"Form/TabExternalXjs.xfdl","Form/TabExternalXjs.xml","XFDL","SUCCESS",""
"Form/TabInlineContent.xfdl","Form/TabInlineContent.xml","XFDL","SUCCESS",""
"Form/TabInsertPage.xfdl","Form/TabInsertPage.xml","XFDL","SUCCESS",""
"Form/TabInsertPageOverloads.xfdl","Form/TabInsertPageOverloads.xml","XFDL","SUCCESS",""
"Form/TabLazyLifecycle.xfdl","Form/TabLazyLifecycle.xml","XFDL","SUCCESS",""
"Form/TabLifecycleDynamicAdd.xfdl","Form/TabLifecycleDynamicAdd.xml","XFDL","SUCCESS",""
"Form/TabLifecycleInactiveReplace.xfdl","Form/TabLifecycleInactiveReplace.xml","XFDL","SUCCESS",""
"Form/TabLifecycleOnloadFailure.xfdl","Form/TabLifecycleOnloadFailure.xml","XFDL","SUCCESS",""
"Form/TabLifecycleRemoveSelected.xfdl","Form/TabLifecycleRemoveSelected.xml","XFDL","SUCCESS",""
"Form/TabLifecycleSelectedReplace.xfdl","Form/TabLifecycleSelectedReplace.xml","XFDL","SUCCESS",""
"Form/TabLifecycleSetUrlReplace.xfdl","Form/TabLifecycleSetUrlReplace.xml","XFDL","SUCCESS",""
"Form/TabLifecycleStaticEager.xfdl","Form/TabLifecycleStaticEager.xml","XFDL","SUCCESS",""
"Form/TabLifecycleStaticLazy.xfdl","Form/TabLifecycleStaticLazy.xml","XFDL","SUCCESS",""
"Form/TabMissingContent.xfdl","Form/TabMissingContent.xml","XFDL","SUCCESS",""
"Form/TabMixedContent.xfdl","Form/TabMixedContent.xml","XFDL","SUCCESS",""
"Form/TabNestedDynamic.xfdl","Form/TabNestedDynamic.xml","XFDL","SUCCESS",""
"Form/TabOnloadFailureHost.xfdl","Form/TabOnloadFailureHost.xml","XFDL","SUCCESS",""
"Form/TabOpenerBridge.xfdl","Form/TabOpenerBridge.xml","XFDL","SUCCESS",""
"Form/TabOpenerFunction.xfdl","Form/TabOpenerFunction.xml","XFDL","SUCCESS",""
"Form/TabOwnerFrameComponent.xfdl","Form/TabOwnerFrameComponent.xml","XFDL","SUCCESS",""
"Form/TabOwnerFrameDataset.xfdl","Form/TabOwnerFrameDataset.xml","XFDL","SUCCESS",""
"Form/TabOwnerFrameFunction.xfdl","Form/TabOwnerFrameFunction.xml","XFDL","SUCCESS",""
"Form/TabOwnerFrameHost.xfdl","Form/TabOwnerFrameHost.xml","XFDL","SUCCESS",""
"Form/TabParentAccess.xfdl","Form/TabParentAccess.xml","XFDL","SUCCESS",""
"Form/TabParentAndOpener.xfdl","Form/TabParentAndOpener.xml","XFDL","SUCCESS",""
"Form/TabParentCallsChild.xfdl","Form/TabParentCallsChild.xml","XFDL","SUCCESS",""
"Form/TabParentCallsChildIndexed.xfdl","Form/TabParentCallsChildIndexed.xml","XFDL","SUCCESS",""
"Form/TabParentDepth2.xfdl","Form/TabParentDepth2.xml","XFDL","SUCCESS",""
"Form/TabParentDepth3.xfdl","Form/TabParentDepth3.xml","XFDL","SUCCESS",""
"Form/TabParentDepthMain.xfdl","Form/TabParentDepthMain.xml","XFDL","SUCCESS",""
"Form/TabParentDirect.xfdl","Form/TabParentDirect.xml","XFDL","SUCCESS",""
"Form/TabParentReadsChildComponent.xfdl","Form/TabParentReadsChildComponent.xml","XFDL","SUCCESS",""
"Form/TabParentReadsChildDataset.xfdl","Form/TabParentReadsChildDataset.xml","XFDL","SUCCESS",""
"Form/TabParentShadowHost.xfdl","Form/TabParentShadowHost.xml","XFDL","SUCCESS",""
"Form/TabParentUnresolvedDepth.xfdl","Form/TabParentUnresolvedDepth.xml","XFDL","SUCCESS",""
"Form/TabPreloadDynamicUrl.xfdl","Form/TabPreloadDynamicUrl.xml","XFDL","SUCCESS",""
"Form/TabRemovePage.xfdl","Form/TabRemovePage.xml","XFDL","SUCCESS",""
"Form/TabRemoveReAdd.xfdl","Form/TabRemoveReAdd.xml","XFDL","SUCCESS",""
"Form/TabRuntimeEvent.xfdl","Form/TabRuntimeEvent.xml","XFDL","SUCCESS",""
"Form/TabRuntimeLexicalProtection.xfdl","Form/TabRuntimeLexicalProtection.xml","XFDL","SUCCESS",""
"Form/TabSameScreenMultiInstance.xfdl","Form/TabSameScreenMultiInstance.xml","XFDL","SUCCESS",""
"Form/TabStateArgumentIsolation.xfdl","Form/TabStateArgumentIsolation.xml","XFDL","SUCCESS",""
"Form/TabStateGenerationIsolation.xfdl","Form/TabStateGenerationIsolation.xml","XFDL","SUCCESS",""
"Form/TabStateRemoveCleanup.xfdl","Form/TabStateRemoveCleanup.xml","XFDL","SUCCESS",""
"Form/TabStateRetention.xfdl","Form/TabStateRetention.xml","XFDL","SUCCESS",""
"Form/TabStateSameScreenMultiInstance.xfdl","Form/TabStateSameScreenMultiInstance.xml","XFDL","SUCCESS",""
"Form/TabStateSwitchRetention.xfdl","Form/TabStateSwitchRetention.xml","XFDL","SUCCESS",""
"Form/TabStateUrlReplacement.xfdl","Form/TabStateUrlReplacement.xml","XFDL","SUCCESS",""
"Form/TabStateXjsGlobalIsolation.xfdl","Form/TabStateXjsGlobalIsolation.xml","XFDL","SUCCESS",""
"Form/TabStaticDynamicMixed.xfdl","Form/TabStaticDynamicMixed.xml","XFDL","SUCCESS",""
"Form/TabUnresolvedChildComponent.xfdl","Form/TabUnresolvedChildComponent.xml","XFDL","SUCCESS",""
"Form/TabUnresolvedChildFunction.xfdl","Form/TabUnresolvedChildFunction.xml","XFDL","SUCCESS",""
"Form/TransactionSample.xfdl","Form/TransactionSample.xml","XFDL","SUCCESS",""
"Form/UnsupportedFeatures.xfdl","Form/UnsupportedFeatures.xml","XFDL","SUCCESS",""
"Script/CircularA.xjs","Script/CircularA.js","XJS","SUCCESS",""
"Script/CircularB.xjs","Script/CircularB.js","XJS","SUCCESS",""
"Script/Common.xjs","Script/Common.js","XJS","SUCCESS",""
"Script/DupA.xjs","Script/DupA.js","XJS","SUCCESS",""
"Script/DupB.xjs","Script/DupB.js","XJS","SUCCESS",""
"Script/SameFileDuplicate.xjs","Script/SameFileDuplicate.js","XJS","SUCCESS",""
"Script/ScopeHelper.xjs","Script/ScopeHelper.js","XJS","SUCCESS",""
"Script/SideEffect.xjs","Script/SideEffect.js","XJS","SUCCESS",""
"Script/TabChildCommon.xjs","Script/TabChildCommon.js","XJS","SUCCESS",""
"Script/TabCommon.xjs","Script/TabCommon.js","XJS","SUCCESS",""
"Script/TabPathCommon.xjs","Script/TabPathCommon.js","XJS","SUCCESS",""
"Script/TabRuntimeCommon.xjs","Script/TabRuntimeCommon.js","XJS","SUCCESS",""
"Script/TabRuntimeState.xjs","Script/TabRuntimeState.js","XJS","SUCCESS",""
"Script/Utility.xjs","Script/Utility.js","XJS","SUCCESS",""
"TabContent/ChildBridgeParent.xfdl","TabContent/ChildBridgeParent.xml","XFDL","SUCCESS",""
"TabContent/CircularTabA.xfdl","TabContent/CircularTabA.xml","XFDL","SUCCESS",""
"TabContent/CircularTabB.xfdl","TabContent/CircularTabB.xml","XFDL","SUCCESS",""
"TabContent/Detail.xfdl","TabContent/Detail.xml","XFDL","SUCCESS",""
"TabContent/FirstTab.xfdl","TabContent/FirstTab.xml","XFDL","SUCCESS",""
"TabContent/IdIsolationChild.xfdl","TabContent/IdIsolationChild.xml","XFDL","SUCCESS",""
"TabContent/LifecycleChild.xfdl","TabContent/LifecycleChild.xml","XFDL","SUCCESS",""
"TabContent/NestedDynamicFirst.xfdl","TabContent/NestedDynamicFirst.xml","XFDL","SUCCESS",""
"TabContent/OnloadFailureChild.xfdl","TabContent/OnloadFailureChild.xml","XFDL","SUCCESS",""
"TabContent/OwnerBridgeChild.xfdl","TabContent/OwnerBridgeChild.xml","XFDL","SUCCESS",""
"TabContent/ParentAccessChild.xfdl","TabContent/ParentAccessChild.xml","XFDL","SUCCESS",""
"TabContent/ParentDepth2First.xfdl","TabContent/ParentDepth2First.xml","XFDL","SUCCESS",""
"TabContent/ParentDepth2Second.xfdl","TabContent/ParentDepth2Second.xml","XFDL","SUCCESS",""
"TabContent/ParentDepth3First.xfdl","TabContent/ParentDepth3First.xml","XFDL","SUCCESS",""
"TabContent/ParentDepth3Second.xfdl","TabContent/ParentDepth3Second.xml","XFDL","SUCCESS",""
"TabContent/ParentDepth3Third.xfdl","TabContent/ParentDepth3Third.xml","XFDL","SUCCESS",""
"TabContent/ParentDepthFirst.xfdl","TabContent/ParentDepthFirst.xml","XFDL","SUCCESS",""
"TabContent/ParentDepthSecond.xfdl","TabContent/ParentDepthSecond.xml","XFDL","SUCCESS",""
"TabContent/ParentDepthThird.xfdl","TabContent/ParentDepthThird.xml","XFDL","SUCCESS",""
"TabContent/ParentDepthUnresolvedChild.xfdl","TabContent/ParentDepthUnresolvedChild.xml","XFDL","SUCCESS",""
"TabContent/ParentShadowChild.xfdl","TabContent/ParentShadowChild.xml","XFDL","SUCCESS",""
"TabContent/RuntimeBridgeChild.xfdl","TabContent/RuntimeBridgeChild.xml","XFDL","SUCCESS",""
"TabContent/Search.xfdl","TabContent/Search.xml","XFDL","SUCCESS",""
"TabContent/SearchXjs.xfdl","TabContent/SearchXjs.xml","XFDL","SUCCESS",""
"TabContent/SecondTab.xfdl","TabContent/SecondTab.xml","XFDL","SUCCESS",""
"TabContent/StateXjsChild.xfdl","TabContent/StateXjsChild.xml","XFDL","SUCCESS",""
