parentScreen,tab,tabPage,content,resolvedFile,generatedTarget,webSquareSrc,loadingMode,status,resolutionMethod,xjsDependencies,warning
"Form/Main/TabExternalRelativePath.xfdl","divWrap.tabNested","divWrap.tabNested.pageSearch","../../TabContent/Search.xfdl","TabContent/Search.xfdl","TabContent/Search.xml","../../TabContent/Search.xml","LAZY","CONVERTED","RELATIVE","[]","현재 XFDL 기준 상대 경로"
"Form/Main/TabExternalRelativePath.xfdl","divWrap.tabNested","divWrap.tabNested.pageDetail","..\\..\\TabContent\\Detail.xfdl","TabContent/Detail.xfdl","TabContent/Detail.xml","../../TabContent/Detail.xml","LAZY","CONVERTED","RELATIVE","[]","현재 XFDL 기준 상대 경로"
"Form/Main/TabExternalRelativePath.xfdl","divWrap.tabNested","divWrap.tabNested.pageProject","TabContent/SecondTab.xfdl","TabContent/SecondTab.xfdl","TabContent/SecondTab.xml","../../TabContent/SecondTab.xml","LAZY","CONVERTED","PROJECT_RELATIVE","[]","프로젝트 루트 기준 경로"
"Form/TabAsyncLazyCallChild.xfdl","tabMain","tabMain.pageChild","../TabContent/RuntimeBridgeChild.xfdl","TabContent/RuntimeBridgeChild.xfdl","TabContent/RuntimeBridgeChild.xml","../TabContent/RuntimeBridgeChild.xml","LAZY","CONVERTED","RELATIVE","[Script/TabChildCommon.xjs]","현재 XFDL 기준 상대 경로"
"Form/TabAsyncLazyReadComponent.xfdl","tabMain","tabMain.pageChild","../TabContent/RuntimeBridgeChild.xfdl","TabContent/RuntimeBridgeChild.xfdl","TabContent/RuntimeBridgeChild.xml","../TabContent/RuntimeBridgeChild.xml","LAZY","CONVERTED","RELATIVE","[Script/TabChildCommon.xjs]","현재 XFDL 기준 상대 경로"
"Form/TabAsyncLazyReadDataset.xfdl","tabMain","tabMain.pageChild","../TabContent/RuntimeBridgeChild.xfdl","TabContent/RuntimeBridgeChild.xfdl","TabContent/RuntimeBridgeChild.xml","../TabContent/RuntimeBridgeChild.xml","LAZY","CONVERTED","RELATIVE","[Script/TabChildCommon.xjs]","현재 XFDL 기준 상대 경로"
"Form/TabAsyncLazySyncReturn.xfdl","tabMain","tabMain.child","../TabContent/RuntimeBridgeChild.xfdl","TabContent/RuntimeBridgeChild.xfdl","TabContent/RuntimeBridgeChild.xml","../TabContent/RuntimeBridgeChild.xml","LAZY","CONVERTED","RELATIVE","[Script/TabChildCommon.xjs]","현재 XFDL 기준 상대 경로"
"Form/TabAsyncLoadedSyncReturn.xfdl","tabMain","tabMain.child","../TabContent/RuntimeBridgeChild.xfdl","TabContent/RuntimeBridgeChild.xfdl","TabContent/RuntimeBridgeChild.xml","../TabContent/RuntimeBridgeChild.xml","EAGER","CONVERTED","RELATIVE","[Script/TabChildCommon.xjs]","현재 XFDL 기준 상대 경로"
"Form/TabAsyncRapidSelection.xfdl","tabMain","tabMain.A","../TabContent/Search.xfdl","TabContent/Search.xfdl","TabContent/Search.xml","../TabContent/Search.xml","LAZY","CONVERTED","RELATIVE","[]","현재 XFDL 기준 상대 경로"
"Form/TabAsyncRapidSelection.xfdl","tabMain","tabMain.B","../TabContent/Detail.xfdl","TabContent/Detail.xfdl","TabContent/Detail.xml","../TabContent/Detail.xml","LAZY","CONVERTED","RELATIVE","[]","현재 XFDL 기준 상대 경로"
"Form/TabAsyncRapidSelection.xfdl","tabMain","tabMain.C","../TabContent/RuntimeBridgeChild.xfdl","TabContent/RuntimeBridgeChild.xfdl","TabContent/RuntimeBridgeChild.xml","../TabContent/RuntimeBridgeChild.xml","LAZY","CONVERTED","RELATIVE","[Script/TabChildCommon.xjs]","현재 XFDL 기준 상대 경로"
"Form/TabAsyncRapidSetUrl.xfdl","tabMain","tabMain.pageA","../TabContent/Search.xfdl","TabContent/Search.xfdl","TabContent/Search.xml","../TabContent/Search.xml","LAZY","CONVERTED","RELATIVE","[]","현재 XFDL 기준 상대 경로"
"Form/TabAsyncStaleLoadCallback.xfdl","tabMain","tabMain.pageA","../TabContent/Search.xfdl","TabContent/Search.xfdl","TabContent/Search.xml","../TabContent/Search.xml","LAZY","CONVERTED","RELATIVE","[]","현재 XFDL 기준 상대 경로"
"Form/TabChildCallsParent.xfdl","tabMain","tabMain.pageChild","../TabContent/ChildBridgeParent.xfdl","TabContent/ChildBridgeParent.xfdl","TabContent/ChildBridgeParent.xml","../TabContent/ChildBridgeParent.xml","LAZY","CONVERTED","RELATIVE","[]","현재 XFDL 기준 상대 경로"
"Form/TabChildReadsParentComponent.xfdl","tabMain","tabMain.pageChild","../TabContent/ChildBridgeParent.xfdl","TabContent/ChildBridgeParent.xfdl","TabContent/ChildBridgeParent.xml","../TabContent/ChildBridgeParent.xml","LAZY","CONVERTED","RELATIVE","[]","현재 XFDL 기준 상대 경로"
"Form/TabChildReadsParentDataset.xfdl","tabMain","tabMain.pageChild","../TabContent/ChildBridgeParent.xfdl","TabContent/ChildBridgeParent.xfdl","TabContent/ChildBridgeParent.xml","../TabContent/ChildBridgeParent.xml","LAZY","CONVERTED","RELATIVE","[]","현재 XFDL 기준 상대 경로"
"Form/TabCircularScreenDependency.xfdl","tabMain","tabMain.cycle","../TabContent/CircularTabA.xfdl","TabContent/CircularTabA.xfdl","TabContent/CircularTabA.xml","../TabContent/CircularTabA.xml","LAZY","CONVERTED","RELATIVE","[]","현재 XFDL 기준 상대 경로"
"Form/TabContentIdIsolation.xfdl","tabIso","tabIso.pageChild","../TabContent/IdIsolationChild.xfdl","TabContent/IdIsolationChild.xfdl","TabContent/IdIsolationChild.xml","../TabContent/IdIsolationChild.xml","LAZY","CONVERTED","RELATIVE","[]","현재 XFDL 기준 상대 경로"
"Form/TabContentLifecycle.xfdl","tabLife","tabLife.pageLife","../TabContent/LifecycleChild.xfdl","TabContent/LifecycleChild.xfdl","TabContent/LifecycleChild.xml","../TabContent/LifecycleChild.xml","LAZY","CONVERTED","RELATIVE","[]","현재 XFDL 기준 상대 경로"
"Form/TabDuplicateContent.xfdl","tabDup","tabDup.pageA","../TabContent/Search.xfdl","TabContent/Search.xfdl","TabContent/Search.xml","../TabContent/Search.xml","LAZY","CONVERTED","RELATIVE","[]","현재 XFDL 기준 상대 경로"
"Form/TabDuplicateContent.xfdl","tabDup","tabDup.pageB","../TabContent/Search.xfdl","TabContent/Search.xfdl","TabContent/Search.xml","../TabContent/Search.xml","LAZY","CONVERTED","RELATIVE","[]","현재 XFDL 기준 상대 경로"
"Form/TabDynamicReplaceState.xfdl","tabMain","tabMain.search","../TabContent/Search.xfdl","TabContent/Search.xfdl","TabContent/Search.xml","../TabContent/Search.xml","LAZY","CONVERTED","RELATIVE","[]","현재 XFDL 기준 상대 경로"
"Form/TabEagerLifecycle.xfdl","tabMain","tabMain.pageChild","../TabContent/RuntimeBridgeChild.xfdl","TabContent/RuntimeBridgeChild.xfdl","TabContent/RuntimeBridgeChild.xml","../TabContent/RuntimeBridgeChild.xml","EAGER","CONVERTED","RELATIVE","[Script/TabChildCommon.xjs]","현재 XFDL 기준 상대 경로"
"Form/TabExternalContent.xfdl","tabMain","tabMain.tabSearch","../TabContent/Search.xfdl","TabContent/Search.xfdl","TabContent/Search.xml","../TabContent/Search.xml","LAZY","CONVERTED","RELATIVE","[]","현재 XFDL 기준 상대 경로"
"Form/TabExternalContent.xfdl","tabMain","tabMain.tabDetail","TabForm::Detail.xfdl","TabContent/Detail.xfdl","TabContent/Detail.xml","../TabContent/Detail.xml","LAZY","CONVERTED","SERVICE_PREFIX","[]","TypeDefinition Service url 기준"
"Form/TabExternalNested.xfdl","outerTab","outerTab.first","../TabContent/FirstTab.xfdl","TabContent/FirstTab.xfdl","TabContent/FirstTab.xml","../TabContent/FirstTab.xml","LAZY","CONVERTED","RELATIVE","[]","현재 XFDL 기준 상대 경로"
"Form/TabExternalPreload.xfdl","tabPreload","tabPreload.pageSearch","../TabContent/Search.xfdl","TabContent/Search.xfdl","TabContent/Search.xml","../TabContent/Search.xml","EAGER","CONVERTED","RELATIVE","[]","현재 XFDL 기준 상대 경로"
"Form/TabExternalPreload.xfdl","tabPreload","tabPreload.pageDetail","../TabContent/Detail.xfdl","TabContent/Detail.xfdl","TabContent/Detail.xml","../TabContent/Detail.xml","EAGER","CONVERTED","RELATIVE","[]","현재 XFDL 기준 상대 경로"
"Form/TabExternalXjs.xfdl","tabXjs","tabXjs.pageXjs","../TabContent/SearchXjs.xfdl","TabContent/SearchXjs.xfdl","TabContent/SearchXjs.xml","../TabContent/SearchXjs.xml","LAZY","CONVERTED","RELATIVE","[Script/TabCommon.xjs]","현재 XFDL 기준 상대 경로"
"Form/TabLazyLifecycle.xfdl","tabMain","tabMain.pageChild","../TabContent/RuntimeBridgeChild.xfdl","TabContent/RuntimeBridgeChild.xfdl","TabContent/RuntimeBridgeChild.xml","../TabContent/RuntimeBridgeChild.xml","LAZY","CONVERTED","RELATIVE","[Script/TabChildCommon.xjs]","현재 XFDL 기준 상대 경로"
"Form/TabLifecycleInactiveReplace.xfdl","tabMain","tabMain.A","../TabContent/Search.xfdl","TabContent/Search.xfdl","TabContent/Search.xml","../TabContent/Search.xml","LAZY","CONVERTED","RELATIVE","[]","현재 XFDL 기준 상대 경로"
"Form/TabLifecycleInactiveReplace.xfdl","tabMain","tabMain.B","../TabContent/Detail.xfdl","TabContent/Detail.xfdl","TabContent/Detail.xml","../TabContent/Detail.xml","LAZY","CONVERTED","RELATIVE","[]","현재 XFDL 기준 상대 경로"
"Form/TabLifecycleOnloadFailure.xfdl","tabMain","tabMain.child","../TabContent/OnloadFailureChild.xfdl","TabContent/OnloadFailureChild.xfdl","TabContent/OnloadFailureChild.xml","../TabContent/OnloadFailureChild.xml","LAZY","CONVERTED","RELATIVE","[]","현재 XFDL 기준 상대 경로"
"Form/TabLifecycleRemoveSelected.xfdl","tabMain","tabMain.A","../TabContent/Search.xfdl","TabContent/Search.xfdl","TabContent/Search.xml","../TabContent/Search.xml","EAGER","CONVERTED","RELATIVE","[]","현재 XFDL 기준 상대 경로"
"Form/TabLifecycleRemoveSelected.xfdl","tabMain","tabMain.B","../TabContent/Detail.xfdl","TabContent/Detail.xfdl","TabContent/Detail.xml","../TabContent/Detail.xml","EAGER","CONVERTED","RELATIVE","[]","현재 XFDL 기준 상대 경로"
"Form/TabLifecycleSelectedReplace.xfdl","tabMain","tabMain.child","../TabContent/Search.xfdl","TabContent/Search.xfdl","TabContent/Search.xml","../TabContent/Search.xml","EAGER","CONVERTED","RELATIVE","[]","현재 XFDL 기준 상대 경로"
"Form/TabLifecycleSetUrlReplace.xfdl","tabMain","tabMain.child","../TabContent/Search.xfdl","TabContent/Search.xfdl","TabContent/Search.xml","../TabContent/Search.xml","LAZY","CONVERTED","RELATIVE","[]","현재 XFDL 기준 상대 경로"
"Form/TabLifecycleStaticEager.xfdl","tabMain","tabMain.child","../TabContent/LifecycleChild.xfdl","TabContent/LifecycleChild.xfdl","TabContent/LifecycleChild.xml","../TabContent/LifecycleChild.xml","EAGER","CONVERTED","RELATIVE","[]","현재 XFDL 기준 상대 경로"
"Form/TabLifecycleStaticLazy.xfdl","tabMain","tabMain.child","../TabContent/LifecycleChild.xfdl","TabContent/LifecycleChild.xfdl","TabContent/LifecycleChild.xml","../TabContent/LifecycleChild.xml","LAZY","CONVERTED","RELATIVE","[]","현재 XFDL 기준 상대 경로"
"Form/TabMissingContent.xfdl","tabMissing","tabMissing.pageMissing","../TabContent/MissingSearch.xfdl","","","","LAZY","UNRESOLVED","PATH","","프로젝트 source tree에서 대상 XFDL을 찾지 못함: ../TabContent/MissingSearch.xfdl"
"Form/TabMixedContent.xfdl","tabMixed","tabMixed.pageMixed","../TabContent/Search.xfdl","TabContent/Search.xfdl","TabContent/Search.xml","../TabContent/Search.xml","LAZY","CONVERTED","RELATIVE","[]","mixed inline/external"
"Form/TabNestedDynamic.xfdl","tabMain","tabMain.first","../TabContent/NestedDynamicFirst.xfdl","TabContent/NestedDynamicFirst.xfdl","TabContent/NestedDynamicFirst.xml","../TabContent/NestedDynamicFirst.xml","LAZY","CONVERTED","RELATIVE","[]","현재 XFDL 기준 상대 경로"
"Form/TabOnloadFailureHost.xfdl","tabMain","tabMain.failChild","../TabContent/OnloadFailureChild.xfdl","TabContent/OnloadFailureChild.xfdl","TabContent/OnloadFailureChild.xml","../TabContent/OnloadFailureChild.xml","LAZY","CONVERTED","RELATIVE","[]","현재 XFDL 기준 상대 경로"
"Form/TabOwnerFrameComponent.xfdl","tabMain","tabMain.child","../TabContent/OwnerBridgeChild.xfdl","TabContent/OwnerBridgeChild.xfdl","TabContent/OwnerBridgeChild.xml","../TabContent/OwnerBridgeChild.xml","LAZY","CONVERTED","RELATIVE","[]","현재 XFDL 기준 상대 경로"
"Form/TabOwnerFrameDataset.xfdl","tabMain","tabMain.child","../TabContent/OwnerBridgeChild.xfdl","TabContent/OwnerBridgeChild.xfdl","TabContent/OwnerBridgeChild.xml","../TabContent/OwnerBridgeChild.xml","LAZY","CONVERTED","RELATIVE","[]","현재 XFDL 기준 상대 경로"
"Form/TabOwnerFrameFunction.xfdl","tabMain","tabMain.child","../TabContent/OwnerBridgeChild.xfdl","TabContent/OwnerBridgeChild.xfdl","TabContent/OwnerBridgeChild.xml","../TabContent/OwnerBridgeChild.xml","LAZY","CONVERTED","RELATIVE","[]","현재 XFDL 기준 상대 경로"
"Form/TabOwnerFrameHost.xfdl","tabMain","tabMain.ownerChild","../TabContent/OwnerBridgeChild.xfdl","TabContent/OwnerBridgeChild.xfdl","TabContent/OwnerBridgeChild.xml","../TabContent/OwnerBridgeChild.xml","LAZY","CONVERTED","RELATIVE","[]","현재 XFDL 기준 상대 경로"
"Form/TabParentAccess.xfdl","tabParent","tabParent.pageChild","../TabContent/ParentAccessChild.xfdl","TabContent/ParentAccessChild.xfdl","TabContent/ParentAccessChild.xml","../TabContent/ParentAccessChild.xml","LAZY","CONVERTED","RELATIVE","[]","현재 XFDL 기준 상대 경로"
"Form/TabParentCallsChild.xfdl","tabMain","tabMain.pageChild","../TabContent/RuntimeBridgeChild.xfdl","TabContent/RuntimeBridgeChild.xfdl","TabContent/RuntimeBridgeChild.xml","../TabContent/RuntimeBridgeChild.xml","LAZY","CONVERTED","RELATIVE","[Script/TabChildCommon.xjs]","현재 XFDL 기준 상대 경로"
"Form/TabParentCallsChildIndexed.xfdl","tabMain","tabMain.pageChild","../TabContent/RuntimeBridgeChild.xfdl","TabContent/RuntimeBridgeChild.xfdl","TabContent/RuntimeBridgeChild.xml","../TabContent/RuntimeBridgeChild.xml","EAGER","CONVERTED","RELATIVE","[Script/TabChildCommon.xjs]","현재 XFDL 기준 상대 경로"
"Form/TabParentDepth2.xfdl","tabMain","tabMain.first","../TabContent/ParentDepth2First.xfdl","TabContent/ParentDepth2First.xfdl","TabContent/ParentDepth2First.xml","../TabContent/ParentDepth2First.xml","LAZY","CONVERTED","RELATIVE","[]","현재 XFDL 기준 상대 경로"
"Form/TabParentDepth3.xfdl","tabMain","tabMain.first","../TabContent/ParentDepth3First.xfdl","TabContent/ParentDepth3First.xfdl","TabContent/ParentDepth3First.xml","../TabContent/ParentDepth3First.xml","LAZY","CONVERTED","RELATIVE","[]","현재 XFDL 기준 상대 경로"
"Form/TabParentDepthMain.xfdl","tabMain","tabMain.first","../TabContent/ParentDepthFirst.xfdl","TabContent/ParentDepthFirst.xfdl","TabContent/ParentDepthFirst.xml","../TabContent/ParentDepthFirst.xml","LAZY","CONVERTED","RELATIVE","[]","현재 XFDL 기준 상대 경로"
"Form/TabParentDirect.xfdl","tabMain","tabMain.child","../TabContent/ChildBridgeParent.xfdl","TabContent/ChildBridgeParent.xfdl","TabContent/ChildBridgeParent.xml","../TabContent/ChildBridgeParent.xml","LAZY","CONVERTED","RELATIVE","[]","현재 XFDL 기준 상대 경로"
"Form/TabParentReadsChildComponent.xfdl","tabMain","tabMain.pageChild","../TabContent/RuntimeBridgeChild.xfdl","TabContent/RuntimeBridgeChild.xfdl","TabContent/RuntimeBridgeChild.xml","../TabContent/RuntimeBridgeChild.xml","LAZY","CONVERTED","RELATIVE","[Script/TabChildCommon.xjs]","현재 XFDL 기준 상대 경로"
"Form/TabParentReadsChildDataset.xfdl","tabMain","tabMain.pageChild","../TabContent/RuntimeBridgeChild.xfdl","TabContent/RuntimeBridgeChild.xfdl","TabContent/RuntimeBridgeChild.xml","../TabContent/RuntimeBridgeChild.xml","LAZY","CONVERTED","RELATIVE","[Script/TabChildCommon.xjs]","현재 XFDL 기준 상대 경로"
"Form/TabParentShadowHost.xfdl","tabMain","tabMain.shadowChild","../TabContent/ParentShadowChild.xfdl","TabContent/ParentShadowChild.xfdl","TabContent/ParentShadowChild.xml","../TabContent/ParentShadowChild.xml","LAZY","CONVERTED","RELATIVE","[]","현재 XFDL 기준 상대 경로"
"Form/TabParentUnresolvedDepth.xfdl","tabMain","tabMain.child","../TabContent/ParentDepthUnresolvedChild.xfdl","TabContent/ParentDepthUnresolvedChild.xfdl","TabContent/ParentDepthUnresolvedChild.xml","../TabContent/ParentDepthUnresolvedChild.xml","LAZY","CONVERTED","RELATIVE","[]","현재 XFDL 기준 상대 경로"
"Form/TabPreloadDynamicUrl.xfdl","tabMain","tabMain.pageSearch","../TabContent/Search.xfdl","TabContent/Search.xfdl","TabContent/Search.xml","../TabContent/Search.xml","EAGER","CONVERTED","RELATIVE","[]","현재 XFDL 기준 상대 경로"
"Form/TabRemovePage.xfdl","tabMain","tabMain.tabA","../TabContent/Search.xfdl","TabContent/Search.xfdl","TabContent/Search.xml","../TabContent/Search.xml","LAZY","CONVERTED","RELATIVE","[]","현재 XFDL 기준 상대 경로"
"Form/TabSameScreenMultiInstance.xfdl","tabMain","tabMain.a","../TabContent/Search.xfdl","TabContent/Search.xfdl","TabContent/Search.xml","../TabContent/Search.xml","LAZY","CONVERTED","RELATIVE","[]","현재 XFDL 기준 상대 경로"
"Form/TabSameScreenMultiInstance.xfdl","tabMain","tabMain.b","../TabContent/Search.xfdl","TabContent/Search.xfdl","TabContent/Search.xml","../TabContent/Search.xml","LAZY","CONVERTED","RELATIVE","[]","현재 XFDL 기준 상대 경로"
"Form/TabStateGenerationIsolation.xfdl","tabMain","tabMain.A","../TabContent/Search.xfdl","TabContent/Search.xfdl","TabContent/Search.xml","../TabContent/Search.xml","LAZY","CONVERTED","RELATIVE","[]","현재 XFDL 기준 상대 경로"
"Form/TabStateRetention.xfdl","tabMain","tabMain.search","../TabContent/Search.xfdl","TabContent/Search.xfdl","TabContent/Search.xml","../TabContent/Search.xml","LAZY","CONVERTED","RELATIVE","[]","현재 XFDL 기준 상대 경로"
"Form/TabStateRetention.xfdl","tabMain","tabMain.detail","../TabContent/Detail.xfdl","TabContent/Detail.xfdl","TabContent/Detail.xml","../TabContent/Detail.xml","LAZY","CONVERTED","RELATIVE","[]","현재 XFDL 기준 상대 경로"
"Form/TabStateSameScreenMultiInstance.xfdl","tabMain","tabMain.A","../TabContent/RuntimeBridgeChild.xfdl","TabContent/RuntimeBridgeChild.xfdl","TabContent/RuntimeBridgeChild.xml","../TabContent/RuntimeBridgeChild.xml","LAZY","CONVERTED","RELATIVE","[Script/TabChildCommon.xjs]","현재 XFDL 기준 상대 경로"
"Form/TabStateSameScreenMultiInstance.xfdl","tabMain","tabMain.B","../TabContent/RuntimeBridgeChild.xfdl","TabContent/RuntimeBridgeChild.xfdl","TabContent/RuntimeBridgeChild.xml","../TabContent/RuntimeBridgeChild.xml","LAZY","CONVERTED","RELATIVE","[Script/TabChildCommon.xjs]","현재 XFDL 기준 상대 경로"
"Form/TabStateSwitchRetention.xfdl","tabMain","tabMain.A","../TabContent/RuntimeBridgeChild.xfdl","TabContent/RuntimeBridgeChild.xfdl","TabContent/RuntimeBridgeChild.xml","../TabContent/RuntimeBridgeChild.xml","LAZY","CONVERTED","RELATIVE","[Script/TabChildCommon.xjs]","현재 XFDL 기준 상대 경로"
"Form/TabStateSwitchRetention.xfdl","tabMain","tabMain.B","../TabContent/Detail.xfdl","TabContent/Detail.xfdl","TabContent/Detail.xml","../TabContent/Detail.xml","LAZY","CONVERTED","RELATIVE","[]","현재 XFDL 기준 상대 경로"
"Form/TabStateUrlReplacement.xfdl","tabMain","tabMain.A","../TabContent/RuntimeBridgeChild.xfdl","TabContent/RuntimeBridgeChild.xfdl","TabContent/RuntimeBridgeChild.xml","../TabContent/RuntimeBridgeChild.xml","EAGER","CONVERTED","RELATIVE","[Script/TabChildCommon.xjs]","현재 XFDL 기준 상대 경로"
"Form/TabStateXjsGlobalIsolation.xfdl","tabMain","tabMain.A","../TabContent/StateXjsChild.xfdl","TabContent/StateXjsChild.xfdl","TabContent/StateXjsChild.xml","../TabContent/StateXjsChild.xml","EAGER","CONVERTED","RELATIVE","[Script/TabRuntimeState.xjs]","현재 XFDL 기준 상대 경로"
"Form/TabStateXjsGlobalIsolation.xfdl","tabMain","tabMain.B","../TabContent/StateXjsChild.xfdl","TabContent/StateXjsChild.xfdl","TabContent/StateXjsChild.xml","../TabContent/StateXjsChild.xml","EAGER","CONVERTED","RELATIVE","[Script/TabRuntimeState.xjs]","현재 XFDL 기준 상대 경로"
"Form/TabStaticDynamicMixed.xfdl","tabMain","tabMain.pageSearch","../TabContent/Search.xfdl","TabContent/Search.xfdl","TabContent/Search.xml","../TabContent/Search.xml","LAZY","CONVERTED","RELATIVE","[]","현재 XFDL 기준 상대 경로"
"Form/TabUnresolvedChildComponent.xfdl","tabMain","tabMain.pageChild","../TabContent/RuntimeBridgeChild.xfdl","TabContent/RuntimeBridgeChild.xfdl","TabContent/RuntimeBridgeChild.xml","../TabContent/RuntimeBridgeChild.xml","LAZY","CONVERTED","RELATIVE","[Script/TabChildCommon.xjs]","현재 XFDL 기준 상대 경로"
"Form/TabUnresolvedChildFunction.xfdl","tabMain","tabMain.pageChild","../TabContent/RuntimeBridgeChild.xfdl","TabContent/RuntimeBridgeChild.xfdl","TabContent/RuntimeBridgeChild.xml","../TabContent/RuntimeBridgeChild.xml","LAZY","CONVERTED","RELATIVE","[Script/TabChildCommon.xjs]","현재 XFDL 기준 상대 경로"
"TabContent/CircularTabA.xfdl","tabA","tabA.pageB","CircularTabB.xfdl","TabContent/CircularTabB.xfdl","TabContent/CircularTabB.xml","./CircularTabB.xml","LAZY","CONVERTED","RELATIVE","[]","현재 XFDL 기준 상대 경로"
"TabContent/CircularTabB.xfdl","tabB","tabB.pageA","CircularTabA.xfdl","TabContent/CircularTabA.xfdl","TabContent/CircularTabA.xml","./CircularTabA.xml","LAZY","CONVERTED","RELATIVE","[]","현재 XFDL 기준 상대 경로"
"TabContent/FirstTab.xfdl","innerTab","innerTab.innerPage","./SecondTab.xfdl","TabContent/SecondTab.xfdl","TabContent/SecondTab.xml","./SecondTab.xml","LAZY","CONVERTED","RELATIVE","[]","현재 XFDL 기준 상대 경로"
"TabContent/ParentDepth2First.xfdl","tabInner","tabInner.second","ParentDepth2Second.xfdl","TabContent/ParentDepth2Second.xfdl","TabContent/ParentDepth2Second.xml","./ParentDepth2Second.xml","LAZY","CONVERTED","RELATIVE","[]","현재 XFDL 기준 상대 경로"
"TabContent/ParentDepth3First.xfdl","tab2","tab2.second","ParentDepth3Second.xfdl","TabContent/ParentDepth3Second.xfdl","TabContent/ParentDepth3Second.xml","./ParentDepth3Second.xml","LAZY","CONVERTED","RELATIVE","[]","현재 XFDL 기준 상대 경로"
"TabContent/ParentDepth3Second.xfdl","tab3","tab3.third","ParentDepth3Third.xfdl","TabContent/ParentDepth3Third.xfdl","TabContent/ParentDepth3Third.xml","./ParentDepth3Third.xml","LAZY","CONVERTED","RELATIVE","[]","현재 XFDL 기준 상대 경로"
"TabContent/ParentDepthFirst.xfdl","tabFirst","tabFirst.second","ParentDepthSecond.xfdl","TabContent/ParentDepthSecond.xfdl","TabContent/ParentDepthSecond.xml","./ParentDepthSecond.xml","LAZY","CONVERTED","RELATIVE","[]","현재 XFDL 기준 상대 경로"
"TabContent/ParentDepthSecond.xfdl","tabSecond","tabSecond.third","ParentDepthThird.xfdl","TabContent/ParentDepthThird.xfdl","TabContent/ParentDepthThird.xml","./ParentDepthThird.xml","LAZY","CONVERTED","RELATIVE","[]","현재 XFDL 기준 상대 경로"
